"concept_id","concept_name","domain_id","vocabulary_id","concept_class_id","standard_concept","concept_code","valid_start_date","valid_end_date","invalid_reason"
3004295,"Urea nitrogen [Mass/volume] in Blood","Measurement","LOINC","Lab Test","S","6299-2",19700101,20991231,NA
3024641,"Urea nitrogen [Moles/volume] in Serum or Plasma","Measurement","LOINC","Lab Test","S","14937-7",19980116,20991231,NA
40762887,"Creatinine [Moles/volume] in Blood","Measurement","LOINC","Lab Test","S","59826-8",20100430,20991231,NA
3010335,"Urea nitrogen [Mass/volume] in Peripheral blood","Measurement","LOINC","Lab Test","S","12963-5",19970903,20991231,NA
3027219,"Urea nitrogen [Mass/volume] in Venous blood","Measurement","LOINC","Lab Test","S","12962-7",19970903,20991231,NA
40762632,"Urea nitrogen [Moles/volume] in Blood","Measurement","LOINC","Lab Test","S","59570-2",20100423,20991231,NA
3051825,"Creatinine [Mass/volume] in Blood","Measurement","LOINC","Lab Test","S","38483-4",20041020,20991231,NA
46235076,"Creatinine [Moles/volume] in Serum, Plasma or Blood","Measurement","LOINC","Lab Test","S","77140-2",20150508,20991231,NA
