concept_id,Code,Name,Class,Standard Concept Caption,RC,DRC,Domain,Vocabulary,Ancestors,dis1
45771307,702949005,Proopiomelanocortin deficiency syndrome,Clinical Finding,Standard,0,0,Condition,SNOMED,1,1
45757642,2.851E+12,Anterior pituitary hormone deficiency,Clinical Finding,Standard,0,0,Condition,SNOMED,1,1
45757517,1.7151E+13,Partial growth hormone deficiency,Clinical Finding,Standard,0,0,Condition,SNOMED,1,1
37397526,718182008,Combined pituitary hormone deficiency genetic form,Clinical Finding,Standard,0,0,Condition,SNOMED,1,1
37396010,715668008,Pituitary deficiency due to empty sella turcica syndrome,Clinical Finding,Standard,0,0,Condition,SNOMED,1,1
37206117,785722006,Obesity due to leptin receptor gene deficiency,Clinical Finding,Standard,0,0,Condition,SNOMED,1,1
37204368,783009008,Pituitary deficiency due to Rathke cleft cysts,Clinical Finding,Standard,0,0,Condition,SNOMED,1,1
37204367,783008000,Pituitary dermoid and epidermoid cysts,Clinical Finding,Standard,0,0,Condition,SNOMED,1,1
37203815,782917007,Familial adrenal hypoplasia with absent pituitary luteinizing hormone,Clinical Finding,Standard,0,0,Condition,SNOMED,1,1
37118649,733113002,Hypogonadotropic hypogonadism retinitis pigmentosa syndrome,Clinical Finding,Standard,0,0,Condition,SNOMED,1,1
37110207,724385009,Growth delay due to insulin-like growth factor type 1 deficiency,Clinical Finding,Standard,0,0,Condition,SNOMED,1,1
37110169,724281002,"Hyposmia, nasal and ocular hypoplasia, hypogonadotropic hypogonadism syndrome",Clinical Finding,Standard,0,0,Condition,SNOMED,1,1
37110099,724174003,"Moebius syndrome, axonal neuropathy, hypogonadotropic hypogonadism syndrome",Clinical Finding,Standard,0,0,Condition,SNOMED,1,1
37109994,723999009,RHYNS syndrome,Clinical Finding,Standard,0,0,Condition,SNOMED,1,1
36717190,721846006,"Hypomyelination, hypogonadotropic hypogonadism, hypodontia syndrome",Clinical Finding,Standard,0,0,Condition,SNOMED,1,1
36716769,722944006,Congenital hypogonadotropic hypogonadism,Clinical Finding,Standard,0,53,Condition,SNOMED,1,1
36716389,722380003,Martsolf syndrome,Clinical Finding,Standard,0,0,Condition,SNOMED,1,1
36716138,722027009,Kallman syndrome with heart disease,Clinical Finding,Standard,0,0,Condition,SNOMED,1,1
36716031,721842008,Hypogonadotropic hypogonadism with frontoparietal alopecia syndrome,Clinical Finding,Standard,0,0,Condition,SNOMED,1,1
36715575,721288009,Hypopituitarism following procedure,Clinical Finding,Standard,0,0,Condition,SNOMED,1,1
36715404,721072003,"Short stature, pituitary and cerebellar defect and small sella turcica syndrome",Clinical Finding,Standard,0,0,Condition,SNOMED,1,1
36676798,773989002,Late-onset isolated adrenocorticotropic hormone deficiency,Clinical Finding,Standard,0,0,Condition,SNOMED,1,1
36676691,773665006,"Hypogonadotropic hypogonadism, severe microcephaly, sensorineural hearing loss, dysmorphism syndrome",Clinical Finding,Standard,0,0,Condition,SNOMED,1,1
36676690,773664005,"Deficiency in anterior pituitary function, variable immunodeficiency syndrome",Clinical Finding,Standard,0,0,Condition,SNOMED,1,1
36675044,771308008,"Non-acquired combined pituitary hormone deficiency, sensorineural hearing loss, spine abnormalities syndrome",Clinical Finding,Standard,0,0,Condition,SNOMED,1,1
36674944,770941005,"Alopecia, progressive neurological defect, endocrinopathy syndrome",Clinical Finding,Standard,0,0,Condition,SNOMED,1,1
36674827,770680004,Prader-Willi-like syndrome,Clinical Finding,Standard,0,0,Condition,SNOMED,1,1
4328365,7611002,Septo-optic dysplasia sequence,Clinical Finding,Standard,0,0,Condition,SNOMED,1,1
4319277,22306000,Transient somatotropin deficiency,Clinical Finding,Standard,0,0,Condition,SNOMED,1,1
4291925,37429009,Hypothalamic hypothyroidism,Clinical Finding,Standard,0,0,Condition,SNOMED,1,1
4284412,67873006,Isolated prolactin deficiency,Clinical Finding,Standard,0,0,Condition,SNOMED,1,1
4271317,62999006,Adiposogenital dystrophy,Clinical Finding,Standard,0,0,Condition,SNOMED,1,1
4266035,397827003,Growth hormone deficiency,Clinical Finding,Standard,0,0,Condition,SNOMED,1,1
4264158,61701006,Lymphocytic hypopituitarism,Clinical Finding,Standard,0,0,Condition,SNOMED,1,1
4261956,361117008,Female hypogonadotropic hypogonadism,Clinical Finding,Standard,0,0,Condition,SNOMED,1,1
4254542,74728003,Hypopituitarism,Clinical Finding,Standard,0,999,Condition,SNOMED,0,1
4250286,40781006,Hypopituitarism due to pituitary tumor,Clinical Finding,Standard,0,0,Condition,SNOMED,1,1
4244350,93559003,Hypogonadism with anosmia,Clinical Finding,Standard,0,0,Condition,SNOMED,1,1
4244203,38576000,Nonfamilial hyperinsulinemic isolated somatotropin deficiency,Clinical Finding,Standard,0,0,Condition,SNOMED,1,1
4234227,90182005,Hypophysectomy-induced hypopituitarism,Clinical Finding,Standard,0,0,Condition,SNOMED,1,1
4232183,89476005,Pituitary cachexia,Clinical Finding,Standard,0,0,Condition,SNOMED,1,1
4230503,89261000,Isolated thyrotropin deficiency,Clinical Finding,Standard,0,0,Condition,SNOMED,1,1
4228458,421931005,Adult growth hormone deficiency with onset in childhood,Clinical Finding,Standard,0,0,Condition,SNOMED,1,1
4226920,421821002,Hypogonadotropic hypogonadism due to luteinizing hormone deficiency,Clinical Finding,Standard,0,0,Condition,SNOMED,1,1
4225487,421684006,Adult growth hormone deficiency,Clinical Finding,Standard,0,0,Condition,SNOMED,1,1
4224237,421019006,Hypogonadotropic hypogonadism due to follicle-stimulating hormone deficiency,Clinical Finding,Standard,0,0,Condition,SNOMED,1,1
4222548,420499009,Hypogonadotropic hypogonadism due to isolated gonadotropin deficiency,Clinical Finding,Standard,0,0,Condition,SNOMED,1,1
4221204,420351005,Adult-onset growth hormone deficiency,Clinical Finding,Standard,0,0,Condition,SNOMED,1,1
4220368,82598004,Secondary hypothyroidism,Clinical Finding,Standard,0,0,Condition,SNOMED,1,1
4213729,80599001,Isolated corticotropin deficiency,Clinical Finding,Standard,0,0,Condition,SNOMED,1,1
4195877,7990002,Immunoglobulinemia with isolated somatotropin deficiency,Clinical Finding,Standard,0,0,Condition,SNOMED,1,1
4194993,442001,Secondary hypopituitarism,Clinical Finding,Standard,0,0,Condition,SNOMED,1,1
4182094,429514007,Growth hormone deficiency after bone marrow transplant,Clinical Finding,Standard,0,0,Condition,SNOMED,1,1
4150642,271386001,Post-infective hypopituitarism,Clinical Finding,Standard,0,0,Condition,SNOMED,1,1
4149092,3072001,Hormone-induced hypopituitarism,Clinical Finding,Standard,0,0,Condition,SNOMED,1,1
4147479,267390005,Post-infarction hypopituitarism,Clinical Finding,Standard,0,0,Condition,SNOMED,1,1
4147478,267389001,Post-birth injury hypopituitarism,Clinical Finding,Standard,0,0,Condition,SNOMED,1,1
4147477,267388009,Idiopathic hypopituitarism,Clinical Finding,Standard,0,0,Condition,SNOMED,1,1
4144964,33927004,Hypogonadotropic hypogonadism,Clinical Finding,Standard,0,53,Condition,SNOMED,1,1
4129538,237707009,Lymphocytic hypophysitis of pregnancy,Clinical Finding,Standard,0,0,Condition,SNOMED,1,1
4129533,237700006,Hypopituitarism due to iron overload,Clinical Finding,Standard,0,0,Condition,SNOMED,1,1
4129532,237698002,Iatrogenic hypopituitarism,Clinical Finding,Standard,0,0,Condition,SNOMED,1,1
4129531,237684005,Sheehan's syndrome,Clinical Finding,Standard,0,0,Condition,SNOMED,1,1
4099659,190470005,Idiopathic panhypopituitarism,Clinical Finding,Standard,0,0,Condition,SNOMED,1,1
4096808,190472002,Post-infarction panhypopituitarism,Clinical Finding,Standard,0,0,Condition,SNOMED,1,1
4096056,190471009,Post-birth injury panhypopituitarism,Clinical Finding,Standard,0,0,Condition,SNOMED,1,1
4079964,276630006,Transient hypothyrotropinemia,Clinical Finding,Standard,0,0,Condition,SNOMED,1,1
4057872,18200000,Autosomal recessive isolated somatotropin deficiency,Clinical Finding,Standard,0,0,Condition,SNOMED,1,1
4052220,2109003,Isolated somatotropin deficiency,Clinical Finding,Standard,0,0,Condition,SNOMED,1,1
4051205,123953004,Idiopathic hypogonadotropic hypogonadism,Clinical Finding,Standard,0,0,Condition,SNOMED,1,1
4049426,123760002,Prepuberal panhypopituitarism,Clinical Finding,Standard,0,0,Condition,SNOMED,1,1
4034983,237695004,Idiopathic TSH deficiency,Clinical Finding,Standard,0,0,Condition,SNOMED,1,1
4034982,237689000,Growth hormone neurosecretory dysfunction,Clinical Finding,Standard,0,0,Condition,SNOMED,1,1
4034981,237687003,Autosomal dominant isolated somatotropin deficiency,Clinical Finding,Standard,0,0,Condition,SNOMED,1,1
4034979,237685006,Partial hypopituitarism,Clinical Finding,Standard,0,0,Condition,SNOMED,1,1
4033376,14900002,Hypopituitarism due to radiotherapy,Clinical Finding,Standard,0,0,Condition,SNOMED,1,1
4031724,129633006,Induced female hypogonadism syndrome,Clinical Finding,Standard,0,0,Condition,SNOMED,1,1
4030577,14289006,Myopathy in hypopituitarism,Clinical Finding,Standard,0,0,Condition,SNOMED,1,1
4030200,237699005,Post-traumatic hypopituitarism,Clinical Finding,Standard,0,0,Condition,SNOMED,1,1
4030199,237694000,Steroid suppression of ACTH secretion,Clinical Finding,Standard,0,0,Condition,SNOMED,1,1
4030198,237693006,Idiopathic ACTH deficiency,Clinical Finding,Standard,0,0,Condition,SNOMED,1,1
4030197,237691008,Psychosocial growth hormone deficiency,Clinical Finding,Standard,0,0,Condition,SNOMED,1,1
4030194,237688008,Idiopathic growth hormone deficiency,Clinical Finding,Standard,0,0,Condition,SNOMED,1,1
4030193,237683004,Panhypopituitarism - X-linked,Clinical Finding,Standard,0,0,Condition,SNOMED,1,1
4029441,237697007,Oxytocin deficiency,Clinical Finding,Standard,0,0,Condition,SNOMED,1,1
4029439,237692001,ACTH deficiency,Clinical Finding,Standard,0,0,Condition,SNOMED,1,1
4029438,237682009,Panhypopituitarism - anterior and posterior,Clinical Finding,Standard,0,0,Condition,SNOMED,1,1
441963,89392001,Prader-Willi syndrome,Clinical Finding,Standard,53,53,Condition,SNOMED,1,1
30365,32390006,Panhypopituitarism,Clinical Finding,Standard,946,946,Condition,SNOMED,1,1
