"concept_id","ancestor_concept_id","ancestor_concept_name","concept_name","domain_id","vocabulary_id","concept_class_id","e"
30968,30968,"Diabetes insipidus","Diabetes insipidus","Condition","SNOMED","Clinical Finding",NA
4322638,30968,"Diabetes insipidus","Diabetes mellitus AND insipidus with optic atrophy AND deafness","Condition","SNOMED","Clinical Finding",NA
4029440,30968,"Diabetes insipidus","Familial central diabetes insipidus","Condition","SNOMED","Clinical Finding",NA
4265337,30968,"Diabetes insipidus","Hereditary nephrogenic diabetes insipidus","Condition","SNOMED","Clinical Finding",NA
45757771,30968,"Diabetes insipidus","Partial nephrogenic diabetes insipidus","Condition","SNOMED","Clinical Finding",NA
4043348,30968,"Diabetes insipidus","Drug-induced nephrogenic diabetes insipidus","Condition","SNOMED","Clinical Finding",NA
4297627,30968,"Diabetes insipidus","Idiopathic diabetes insipidus","Condition","SNOMED","Clinical Finding",NA
4216968,30968,"Diabetes insipidus","Acquired nephrogenic diabetes insipidus","Condition","SNOMED","Clinical Finding",NA
4082360,30968,"Diabetes insipidus","Hypohidrosis-diabetes insipidus syndrome","Condition","SNOMED","Clinical Finding",NA
4221532,30968,"Diabetes insipidus","Dipsogenic diabetes insipidus","Condition","SNOMED","Clinical Finding",NA
4171246,30968,"Diabetes insipidus","Familial diabetes insipidus","Condition","SNOMED","Clinical Finding",NA
4164730,30968,"Diabetes insipidus","Neurohypophyseal diabetes insipidus","Condition","SNOMED","Clinical Finding",NA
438476,30968,"Diabetes insipidus","Nephrogenic diabetes insipidus","Condition","SNOMED","Clinical Finding",NA
37115758,30968,"Diabetes insipidus","X-linked intellectual disability, limb spasticity, retinal dystrophy, diabetes insipidus syndrome","Condition","SNOMED","Clinical Finding",NA
37396398,30968,"Diabetes insipidus","Schofer Beetz Bohl syndrome","Condition","SNOMED","Clinical Finding",NA
45763617,30968,"Diabetes insipidus","Partial diabetes insipidus","Condition","SNOMED","Clinical Finding",NA
4027848,30968,"Diabetes insipidus","Secondary diabetes insipidus","Condition","SNOMED","Clinical Finding",NA
4254542,4254542,"Hypopituitarism","Hypopituitarism","Condition","SNOMED","Clinical Finding",NA
4328365,4254542,"Hypopituitarism","Septo-optic dysplasia sequence","Condition","SNOMED","Clinical Finding",NA
4129533,4254542,"Hypopituitarism","Hypopituitarism due to iron overload","Condition","SNOMED","Clinical Finding",NA
4147479,4254542,"Hypopituitarism","Post-infarction hypopituitarism","Condition","SNOMED","Clinical Finding",NA
4034981,4254542,"Hypopituitarism","Autosomal dominant isolated somatotropin deficiency","Condition","SNOMED","Clinical Finding",NA
30365,4254542,"Hypopituitarism","Panhypopituitarism","Condition","SNOMED","Clinical Finding",NA
36716138,4254542,"Hypopituitarism","Kallman syndrome with heart disease","Condition","SNOMED","Clinical Finding",NA
441963,4254542,"Hypopituitarism","Prader-Willi syndrome","Condition","SNOMED","Clinical Finding",NA
4099659,4254542,"Hypopituitarism","Idiopathic panhypopituitarism","Condition","SNOMED","Clinical Finding",NA
36674944,4254542,"Hypopituitarism","Alopecia, progressive neurological defect, endocrinopathy syndrome","Condition","SNOMED","Clinical Finding",NA
4225487,4254542,"Hypopituitarism","Adult growth hormone deficiency","Condition","SNOMED","Clinical Finding",NA
4147478,4254542,"Hypopituitarism","Post-birth injury hypopituitarism","Condition","SNOMED","Clinical Finding",NA
4291925,4254542,"Hypopituitarism","Hypothalamic hypothyroidism","Condition","SNOMED","Clinical Finding",1
37109994,4254542,"Hypopituitarism","RHYNS syndrome","Condition","SNOMED","Clinical Finding",NA
4129538,4254542,"Hypopituitarism","Lymphocytic hypophysitis of pregnancy","Condition","SNOMED","Clinical Finding",NA
4221204,4254542,"Hypopituitarism","Adult-onset growth hormone deficiency","Condition","SNOMED","Clinical Finding",NA
4049426,4254542,"Hypopituitarism","Prepuberal panhypopituitarism","Condition","SNOMED","Clinical Finding",NA
4250286,4254542,"Hypopituitarism","Hypopituitarism due to pituitary tumor","Condition","SNOMED","Clinical Finding",NA
37110169,4254542,"Hypopituitarism","Hyposmia, nasal and ocular hypoplasia, hypogonadotropic hypogonadism syndrome","Condition","SNOMED","Clinical Finding",NA
4194993,4254542,"Hypopituitarism","Secondary hypopituitarism","Condition","SNOMED","Clinical Finding",NA
36715404,4254542,"Hypopituitarism","Short stature, pituitary and cerebellar defect and small sella turcica syndrome","Condition","SNOMED","Clinical Finding",NA
37204368,4254542,"Hypopituitarism","Pituitary deficiency due to Rathke cleft cysts","Condition","SNOMED","Clinical Finding",NA
4319277,4254542,"Hypopituitarism","Transient somatotropin deficiency","Condition","SNOMED","Clinical Finding",NA
4222548,4254542,"Hypopituitarism","Hypogonadotropic hypogonadism due to isolated gonadotropin deficiency","Condition","SNOMED","Clinical Finding",NA
4129532,4254542,"Hypopituitarism","Iatrogenic hypopituitarism","Condition","SNOMED","Clinical Finding",NA
4228458,4254542,"Hypopituitarism","Adult growth hormone deficiency with onset in childhood","Condition","SNOMED","Clinical Finding",NA
37396010,4254542,"Hypopituitarism","Pituitary deficiency due to empty sella turcica syndrome","Condition","SNOMED","Clinical Finding",NA
4261956,4254542,"Hypopituitarism","Female hypogonadotropic hypogonadism","Condition","SNOMED","Clinical Finding",NA
37110099,4254542,"Hypopituitarism","Moebius syndrome, axonal neuropathy, hypogonadotropic hypogonadism syndrome","Condition","SNOMED","Clinical Finding",NA
45771307,4254542,"Hypopituitarism","Proopiomelanocortin deficiency syndrome","Condition","SNOMED","Clinical Finding",NA
36676691,4254542,"Hypopituitarism","Hypogonadotropic hypogonadism, severe microcephaly, sensorineural hearing loss, dysmorphism syndrome","Condition","SNOMED","Clinical Finding",NA
36676798,4254542,"Hypopituitarism","Late-onset isolated adrenocorticotropic hormone deficiency","Condition","SNOMED","Clinical Finding",NA
4029441,4254542,"Hypopituitarism","Oxytocin deficiency","Condition","SNOMED","Clinical Finding",NA
4147477,4254542,"Hypopituitarism","Idiopathic hypopituitarism","Condition","SNOMED","Clinical Finding",NA
4271317,4254542,"Hypopituitarism","Adiposogenital dystrophy","Condition","SNOMED","Clinical Finding",NA
4244350,4254542,"Hypopituitarism","Hypogonadism with anosmia","Condition","SNOMED","Clinical Finding",NA
4284412,4254542,"Hypopituitarism","Isolated prolactin deficiency","Condition","SNOMED","Clinical Finding",NA
4230503,4254542,"Hypopituitarism","Isolated thyrotropin deficiency","Condition","SNOMED","Clinical Finding",1
4029438,4254542,"Hypopituitarism","Panhypopituitarism - anterior and posterior","Condition","SNOMED","Clinical Finding",NA
4030194,4254542,"Hypopituitarism","Idiopathic growth hormone deficiency","Condition","SNOMED","Clinical Finding",NA
4234227,4254542,"Hypopituitarism","Hypophysectomy-induced hypopituitarism","Condition","SNOMED","Clinical Finding",NA
4031724,4254542,"Hypopituitarism","Induced female hypogonadism syndrome","Condition","SNOMED","Clinical Finding",NA
37110207,4254542,"Hypopituitarism","Growth delay due to insulin-like growth factor type 1 deficiency","Condition","SNOMED","Clinical Finding",NA
4129531,4254542,"Hypopituitarism","Sheehan's syndrome","Condition","SNOMED","Clinical Finding",NA
4057872,4254542,"Hypopituitarism","Autosomal recessive isolated somatotropin deficiency","Condition","SNOMED","Clinical Finding",NA
4096808,4254542,"Hypopituitarism","Post-infarction panhypopituitarism","Condition","SNOMED","Clinical Finding",NA
36715575,4254542,"Hypopituitarism","Hypopituitarism following procedure","Condition","SNOMED","Clinical Finding",NA
4030193,4254542,"Hypopituitarism","Panhypopituitarism - X-linked","Condition","SNOMED","Clinical Finding",NA
4195877,4254542,"Hypopituitarism","Immunoglobulinemia with isolated somatotropin deficiency","Condition","SNOMED","Clinical Finding",NA
36674827,4254542,"Hypopituitarism","Prader-Willi-like syndrome","Condition","SNOMED","Clinical Finding",NA
37203815,4254542,"Hypopituitarism","Familial adrenal hypoplasia with absent pituitary luteinizing hormone","Condition","SNOMED","Clinical Finding",NA
4030577,4254542,"Hypopituitarism","Myopathy in hypopituitarism","Condition","SNOMED","Clinical Finding",NA
4029439,4254542,"Hypopituitarism","ACTH deficiency","Condition","SNOMED","Clinical Finding",NA
4096056,4254542,"Hypopituitarism","Post-birth injury panhypopituitarism","Condition","SNOMED","Clinical Finding",NA
4264158,4254542,"Hypopituitarism","Lymphocytic hypopituitarism","Condition","SNOMED","Clinical Finding",NA
4213729,4254542,"Hypopituitarism","Isolated corticotropin deficiency","Condition","SNOMED","Clinical Finding",NA
4034982,4254542,"Hypopituitarism","Growth hormone neurosecretory dysfunction","Condition","SNOMED","Clinical Finding",NA
4149092,4254542,"Hypopituitarism","Hormone-induced hypopituitarism","Condition","SNOMED","Clinical Finding",NA
36716769,4254542,"Hypopituitarism","Congenital hypogonadotropic hypogonadism","Condition","SNOMED","Clinical Finding",NA
4220368,4254542,"Hypopituitarism","Secondary hypothyroidism","Condition","SNOMED","Clinical Finding",1
37397526,4254542,"Hypopituitarism","Combined pituitary hormone deficiency genetic form","Condition","SNOMED","Clinical Finding",NA
4030198,4254542,"Hypopituitarism","Idiopathic ACTH deficiency","Condition","SNOMED","Clinical Finding",NA
4034983,4254542,"Hypopituitarism","Idiopathic TSH deficiency","Condition","SNOMED","Clinical Finding",1
4232183,4254542,"Hypopituitarism","Pituitary cachexia","Condition","SNOMED","Clinical Finding",NA
36675044,4254542,"Hypopituitarism","Non-acquired combined pituitary hormone deficiency, sensorineural hearing loss, spine abnormalities syndrome","Condition","SNOMED","Clinical Finding",NA
36676690,4254542,"Hypopituitarism","Deficiency in anterior pituitary function, variable immunodeficiency syndrome","Condition","SNOMED","Clinical Finding",NA
4051205,4254542,"Hypopituitarism","Idiopathic hypogonadotropic hypogonadism","Condition","SNOMED","Clinical Finding",NA
4226920,4254542,"Hypopituitarism","Hypogonadotropic hypogonadism due to luteinizing hormone deficiency","Condition","SNOMED","Clinical Finding",NA
37204367,4254542,"Hypopituitarism","Pituitary dermoid and epidermoid cysts","Condition","SNOMED","Clinical Finding",NA
4224237,4254542,"Hypopituitarism","Hypogonadotropic hypogonadism due to follicle-stimulating hormone deficiency","Condition","SNOMED","Clinical Finding",NA
45757642,4254542,"Hypopituitarism","Anterior pituitary hormone deficiency","Condition","SNOMED","Clinical Finding",NA
4033376,4254542,"Hypopituitarism","Hypopituitarism due to radiotherapy","Condition","SNOMED","Clinical Finding",NA
4182094,4254542,"Hypopituitarism","Growth hormone deficiency after bone marrow transplant","Condition","SNOMED","Clinical Finding",NA
4030197,4254542,"Hypopituitarism","Psychosocial growth hormone deficiency","Condition","SNOMED","Clinical Finding",NA
37206117,4254542,"Hypopituitarism","Obesity due to leptin receptor gene deficiency","Condition","SNOMED","Clinical Finding",NA
4034979,4254542,"Hypopituitarism","Partial hypopituitarism","Condition","SNOMED","Clinical Finding",NA
4244203,4254542,"Hypopituitarism","Nonfamilial hyperinsulinemic isolated somatotropin deficiency","Condition","SNOMED","Clinical Finding",NA
36716389,4254542,"Hypopituitarism","Martsolf syndrome","Condition","SNOMED","Clinical Finding",NA
4030200,4254542,"Hypopituitarism","Post-traumatic hypopituitarism","Condition","SNOMED","Clinical Finding",NA
4052220,4254542,"Hypopituitarism","Isolated somatotropin deficiency","Condition","SNOMED","Clinical Finding",NA
4150642,4254542,"Hypopituitarism","Post-infective hypopituitarism","Condition","SNOMED","Clinical Finding",NA
4266035,4254542,"Hypopituitarism","Growth hormone deficiency","Condition","SNOMED","Clinical Finding",NA
4079964,4254542,"Hypopituitarism","Transient hypothyrotropinemia","Condition","SNOMED","Clinical Finding",1
36717190,4254542,"Hypopituitarism","Hypomyelination, hypogonadotropic hypogonadism, hypodontia syndrome","Condition","SNOMED","Clinical Finding",NA
37118649,4254542,"Hypopituitarism","Hypogonadotropic hypogonadism retinitis pigmentosa syndrome","Condition","SNOMED","Clinical Finding",NA
4144964,4254542,"Hypopituitarism","Hypogonadotropic hypogonadism","Condition","SNOMED","Clinical Finding",NA
45757517,4254542,"Hypopituitarism","Partial growth hormone deficiency","Condition","SNOMED","Clinical Finding",NA
36716031,4254542,"Hypopituitarism","Hypogonadotropic hypogonadism with frontoparietal alopecia syndrome","Condition","SNOMED","Clinical Finding",NA
4030199,4254542,"Hypopituitarism","Steroid suppression of ACTH secretion","Condition","SNOMED","Clinical Finding",NA
37110297,4008579,"Hypothalamic syndrome","Late-onset central hypoventilation co-occurrent and due to hypothalamic dysfunction","Condition","SNOMED","Clinical Finding",NA
4034991,4008579,"Hypothalamic syndrome","Defective osmoregulation","Condition","SNOMED","Clinical Finding",NA
36676689,4008579,"Hypothalamic syndrome","Rapid-onset childhood obesity, hypothalamic dysfunction, hypoventilation, autonomic dysregulation syndrome","Condition","SNOMED","Clinical Finding",NA
4096809,4008579,"Hypothalamic syndrome","Diencephalic syndrome secondary to tumor","Condition","SNOMED","Clinical Finding",NA
4028803,4008579,"Hypothalamic syndrome","Absent osmoregulation","Condition","SNOMED","Clinical Finding",NA
4029445,4008579,"Hypothalamic syndrome","Hypothalamic granuloma","Condition","SNOMED","Clinical Finding",NA
4271317,4008579,"Hypothalamic syndrome","Adiposogenital dystrophy","Condition","SNOMED","Clinical Finding",NA
4008579,4008579,"Hypothalamic syndrome","Hypothalamic syndrome","Condition","SNOMED","Clinical Finding",NA
4035116,4008579,"Hypothalamic syndrome","Loss of hypothalamic inhibition","Condition","SNOMED","Clinical Finding",NA
4164122,4008579,"Hypothalamic syndrome","Diencephalic syndrome of infancy","Condition","SNOMED","Clinical Finding",NA
4028802,4008579,"Hypothalamic syndrome","Osmoregulation defect - excess thirst","Condition","SNOMED","Clinical Finding",NA
4034993,4008579,"Hypothalamic syndrome","Reset hypothalamic osmostat","Condition","SNOMED","Clinical Finding",NA
4220527,4008579,"Hypothalamic syndrome","Hypothalamic obesity","Condition","SNOMED","Clinical Finding",NA
4034992,4008579,"Hypothalamic syndrome","Osmoregulation defect - absent thirst","Condition","SNOMED","Clinical Finding",NA
4034994,4008579,"Hypothalamic syndrome","Hypothalamic overactivity","Condition","SNOMED","Clinical Finding",NA
4029449,4008579,"Hypothalamic syndrome","Diencephalic syndrome","Condition","SNOMED","Clinical Finding",NA
4030203,4008579,"Hypothalamic syndrome","Hypothalamic disorder of appetite","Condition","SNOMED","Clinical Finding",NA
140673,140673,"Hypothyroidism","Hypothyroidism","Condition","SNOMED","Clinical Finding",1
36717199,140673,"Hypothyroidism","Obesity, colitis, hypothyroidism, cardiac hypertrophy, developmental delay syndrome","Condition","SNOMED","Clinical Finding",1
4177341,140673,"Hypothyroidism","Thyroid hormone responsiveness defect","Condition","SNOMED","Clinical Finding",1
4006466,140673,"Hypothyroidism","Refetoff syndrome","Condition","SNOMED","Clinical Finding",1
4091169,140673,"Hypothyroidism","Transient decreased production of T>4<","Condition","SNOMED","Clinical Finding",1
4192649,140673,"Hypothyroidism","Hypothyroidism due to fibrous invasive thyroiditis","Condition","SNOMED","Clinical Finding",1
37397534,140673,"Hypothyroidism","Peripheral resistance to thyroid hormone","Condition","SNOMED","Clinical Finding",1
37399723,140673,"Hypothyroidism","Idiopathic congenital hypothyroidism","Condition","SNOMED","Clinical Finding",1
4176015,140673,"Hypothyroidism","Hypothyroidism in pregnancy","Condition","SNOMED","Clinical Finding",1
4030054,140673,"Hypothyroidism","Thyroid hormone resistance syndrome","Condition","SNOMED","Clinical Finding",1
4232833,140673,"Hypothyroidism","Pituitary thyroid hormone resistance","Condition","SNOMED","Clinical Finding",1
4236858,140673,"Hypothyroidism","Infant hypothyroidism","Condition","SNOMED","Clinical Finding",1
45757058,140673,"Hypothyroidism","Hypothyroidism due to thyroiditis","Condition","SNOMED","Clinical Finding",1
4081998,140673,"Hypothyroidism","Congenital hypothyroidism with diffuse goiter","Condition","SNOMED","Clinical Finding",1
4225129,140673,"Hypothyroidism","Sporadic cretinism","Condition","SNOMED","Clinical Finding",1
134312,140673,"Hypothyroidism","Iatrogenic hypothyroidism","Condition","SNOMED","Clinical Finding",1
4185526,140673,"Hypothyroidism","Athyrotic hypothyroidism sequence","Condition","SNOMED","Clinical Finding",1
4210299,140673,"Hypothyroidism","Hypothyroidism due to defect in thyroid hormone synthesis","Condition","SNOMED","Clinical Finding",1
4030047,140673,"Hypothyroidism","Hypothyroidism due to TSH receptor blocking antibody","Condition","SNOMED","Clinical Finding",1
4030049,140673,"Hypothyroidism","Post-infectious hypothyroidism","Condition","SNOMED","Clinical Finding",1
4034815,140673,"Hypothyroidism","Autoimmune hypothyroidism","Condition","SNOMED","Clinical Finding",1
36713742,140673,"Hypothyroidism","Congenital hypothyroidism due to absence of thyroid gland","Condition","SNOMED","Clinical Finding",1
4275410,140673,"Hypothyroidism","Myxedematous form of cretinism","Condition","SNOMED","Clinical Finding",1
4231548,140673,"Hypothyroidism","Hypothyroidism following radioiodine therapy","Condition","SNOMED","Clinical Finding",1
4130026,140673,"Hypothyroidism","Congenital iodine deficiency syndrome - mixed type","Condition","SNOMED","Clinical Finding",1
4095912,140673,"Hypothyroidism","Hypothyroidism resulting from para-aminosalicylic acid","Condition","SNOMED","Clinical Finding",1
36716385,140673,"Hypothyroidism","Bamforth Lazarus syndrome","Condition","SNOMED","Clinical Finding",1
36716765,140673,"Hypothyroidism","Congenital hypothyroidism due to iodine deficiency","Condition","SNOMED","Clinical Finding",1
4236859,140673,"Hypothyroidism","Infant hypothyroidism to 24 months of age","Condition","SNOMED","Clinical Finding",1
4233438,140673,"Hypothyroidism","Endemic congenital iodine deficiency syndrome of myxedematous type","Condition","SNOMED","Clinical Finding",1
4230503,140673,"Hypothyroidism","Isolated thyrotropin deficiency","Condition","SNOMED","Clinical Finding",1
4104540,140673,"Hypothyroidism","Transient hypothyroidism","Condition","SNOMED","Clinical Finding",1
4032331,140673,"Hypothyroidism","Hypothyroidism following external radiotherapy","Condition","SNOMED","Clinical Finding",1
4223217,140673,"Hypothyroidism","Severe hypothyroidism","Condition","SNOMED","Clinical Finding",1
4132435,140673,"Hypothyroidism","Central hypothyroidism","Condition","SNOMED","Clinical Finding",1
44783239,140673,"Hypothyroidism","Ohdo syndrome, Say-Barber-Biesecker-Young-Simpson variant","Condition","SNOMED","Clinical Finding",1
4291925,140673,"Hypothyroidism","Hypothalamic hypothyroidism","Condition","SNOMED","Clinical Finding",1
140062,140673,"Hypothyroidism","Iodine hypothyroidism","Condition","SNOMED","Clinical Finding",1
45757193,140673,"Hypothyroidism","Hypothyroidism in childbirth","Condition","SNOMED","Clinical Finding",1
4314386,140673,"Hypothyroidism","Hypothyroid dwarfism","Condition","SNOMED","Clinical Finding",1
4129371,140673,"Hypothyroidism","Congenital iodine deficiency syndrome - neurological type","Condition","SNOMED","Clinical Finding",1
4076302,140673,"Hypothyroidism","Iodotyrosine deiodination defect","Condition","SNOMED","Clinical Finding",1
4130018,140673,"Hypothyroidism","Hypothyroidism due to Hashimoto's thyroiditis","Condition","SNOMED","Clinical Finding",1
4028612,140673,"Hypothyroidism","Juvenile myxedema","Condition","SNOMED","Clinical Finding",1
133728,140673,"Hypothyroidism","Congenital hypothyroidism","Condition","SNOMED","Clinical Finding",1
4184957,140673,"Hypothyroidism","Adult myxedema","Condition","SNOMED","Clinical Finding",1
4095914,140673,"Hypothyroidism","Hypothyroidism resulting from resorcinol","Condition","SNOMED","Clinical Finding",1
37397258,140673,"Hypothyroidism","Congenital hypothyroidism due to transplacental passage of maternal thyroid stimulating hormone binding inhibitory antibody","Condition","SNOMED","Clinical Finding",1
36674793,140673,"Hypothyroidism","Genetic transient congenital hypothyroidism","Condition","SNOMED","Clinical Finding",1
4246944,140673,"Hypothyroidism","Congenital malposition of the thyroid gland","Condition","SNOMED","Clinical Finding",1
4289921,140673,"Hypothyroidism","Hypothyroidism due to iodide excess","Condition","SNOMED","Clinical Finding",1
4099205,140673,"Hypothyroidism","Irradiation hypothyroidism","Condition","SNOMED","Clinical Finding",1
4268472,140673,"Hypothyroidism","Hypothyroidism due to systemic sclerosis","Condition","SNOMED","Clinical Finding",1
138384,140673,"Hypothyroidism","Acquired hypothyroidism","Condition","SNOMED","Clinical Finding",1
4052693,140673,"Hypothyroidism","Iodotyrosyl coupling defect","Condition","SNOMED","Clinical Finding",1
37016342,140673,"Hypothyroidism","Hypothyroidism caused by drug","Condition","SNOMED","Clinical Finding",1
37397535,140673,"Hypothyroidism","Hypothyroidism due to mutation in transcription factor of pituitary development","Condition","SNOMED","Clinical Finding",1
4172443,140673,"Hypothyroidism","Hypothyroidism due to food stuff","Condition","SNOMED","Clinical Finding",1
132583,140673,"Hypothyroidism","Postablative hypothyroidism","Condition","SNOMED","Clinical Finding",1
4331585,140673,"Hypothyroidism","Iodide transport defect","Condition","SNOMED","Clinical Finding",1
4129362,140673,"Hypothyroidism","Euthyroid with thyroid antibodies","Condition","SNOMED","Clinical Finding",1
4220368,140673,"Hypothyroidism","Secondary hypothyroidism","Condition","SNOMED","Clinical Finding",1
36717595,140673,"Hypothyroidism","Acquired central hypothyroidism","Condition","SNOMED","Clinical Finding",1
36675175,140673,"Hypothyroidism","X-linked central congenital hypothyroidism with late-onset testicular enlargement","Condition","SNOMED","Clinical Finding",1
4245619,140673,"Hypothyroidism","Hypothyroidism due to amyloidosis","Condition","SNOMED","Clinical Finding",1
4173188,140673,"Hypothyroidism","Transient neonatal hypothyroidism","Condition","SNOMED","Clinical Finding",1
37204507,140673,"Hypothyroidism","Congenital hypothyroidism due to maternal intake of antithyroid drug","Condition","SNOMED","Clinical Finding",1
4173932,140673,"Hypothyroidism","Transient decreased production of T>3<","Condition","SNOMED","Clinical Finding",1
4079964,140673,"Hypothyroidism","Transient hypothyrotropinemia","Condition","SNOMED","Clinical Finding",1
35622406,140673,"Hypothyroidism","Short stature with delayed bone age due to thyroid hormone metabolism deficiency","Condition","SNOMED","Clinical Finding",1
4034824,140673,"Hypothyroidism","Hypothyroidism due to iodide organification defect","Condition","SNOMED","Clinical Finding",1
4182596,140673,"Hypothyroidism","Myxedema","Condition","SNOMED","Clinical Finding",1
4130024,140673,"Hypothyroidism","Generalized thyroid hormone resistance","Condition","SNOMED","Clinical Finding",1
4327330,140673,"Hypothyroidism","Endemic cretinism","Condition","SNOMED","Clinical Finding",1
4303055,140673,"Hypothyroidism","Hypothyroidism due to sarcoidosis","Condition","SNOMED","Clinical Finding",1
4034983,140673,"Hypothyroidism","Idiopathic TSH deficiency","Condition","SNOMED","Clinical Finding",1
4130027,140673,"Hypothyroidism","Subclinical iodine deficiency hypothyroidism","Condition","SNOMED","Clinical Finding",1
4269217,140673,"Hypothyroidism","Thyroglobulin synthesis defect","Condition","SNOMED","Clinical Finding",1
37208050,140673,"Hypothyroidism","Hypothyroidism caused by amiodarone","Condition","SNOMED","Clinical Finding",1
4236235,140673,"Hypothyroidism","Thyrotoxicosis due to pituitary thyroid hormone resistance","Condition","SNOMED","Clinical Finding",1
4095913,140673,"Hypothyroidism","Hypothyroidism resulting from phenylbutazone","Condition","SNOMED","Clinical Finding",1
4263049,140673,"Hypothyroidism","Myxedema heart disease","Condition","SNOMED","Clinical Finding",1
36676796,140673,"Hypothyroidism","Neonatal iodine exposure","Condition","SNOMED","Clinical Finding",1
44782482,140673,"Hypothyroidism","Infant hypothyroidism due to maternal drug","Condition","SNOMED","Clinical Finding",1
36716764,140673,"Hypothyroidism","Congenital central hypothyroidism","Condition","SNOMED","Clinical Finding",1
37110922,140673,"Hypothyroidism","Congenital central hypothyroidism due to thyrotropin-releasing hormone receptor deficiency","Condition","SNOMED","Clinical Finding",1
4130017,140673,"Hypothyroidism","Congenital hypothyroidism without goiter","Condition","SNOMED","Clinical Finding",1
4147364,140673,"Hypothyroidism","Hypothyroidism due to infiltrative disease","Condition","SNOMED","Clinical Finding",1
4034814,140673,"Hypothyroidism","Hypothyroid goiter, acquired","Condition","SNOMED","Clinical Finding",1
4309027,140673,"Hypothyroidism","Idiopathic atrophic hypothyroidism","Condition","SNOMED","Clinical Finding",1
4183422,140673,"Hypothyroidism","Subclinical hypothyroidism","Condition","SNOMED","Clinical Finding",1
4202818,140673,"Hypothyroidism","Iodide oxidation defect","Condition","SNOMED","Clinical Finding",1
137820,140673,"Hypothyroidism","Postoperative hypothyroidism","Condition","SNOMED","Clinical Finding",1
4129369,140673,"Hypothyroidism","Hypothyroidism due to iodide trapping defect","Condition","SNOMED","Clinical Finding",1
37396504,140673,"Hypothyroidism","Hoffman syndrome","Condition","SNOMED","Clinical Finding",1
37397527,140673,"Hypothyroidism","Familial thyroid dyshormonogenesis","Condition","SNOMED","Clinical Finding",1
4175837,140673,"Hypothyroidism","Hypothyroidism due to cystinosis","Condition","SNOMED","Clinical Finding",1
4129370,4129370,"Iodine deficiency syndrome","Iodine deficiency syndrome","Condition","SNOMED","Clinical Finding",NA
4081998,4129370,"Iodine deficiency syndrome","Congenital hypothyroidism with diffuse goiter","Condition","SNOMED","Clinical Finding",1
140062,4129370,"Iodine deficiency syndrome","Iodine hypothyroidism","Condition","SNOMED","Clinical Finding",1
4275410,4129370,"Iodine deficiency syndrome","Myxedematous form of cretinism","Condition","SNOMED","Clinical Finding",1
4130026,4129370,"Iodine deficiency syndrome","Congenital iodine deficiency syndrome - mixed type","Condition","SNOMED","Clinical Finding",1
4233438,4129370,"Iodine deficiency syndrome","Endemic congenital iodine deficiency syndrome of myxedematous type","Condition","SNOMED","Clinical Finding",1
4225129,4129370,"Iodine deficiency syndrome","Sporadic cretinism","Condition","SNOMED","Clinical Finding",1
4314093,4129370,"Iodine deficiency syndrome","Congenital iodine deficiency syndrome","Condition","SNOMED","Clinical Finding",NA
4164756,4129370,"Iodine deficiency syndrome","Iodine deficiency disease, non goiter","Condition","SNOMED","Clinical Finding",NA
4129371,4129370,"Iodine deficiency syndrome","Congenital iodine deficiency syndrome - neurological type","Condition","SNOMED","Clinical Finding",1
4152370,4129370,"Iodine deficiency syndrome","Iodine-deficiency-related endemic goiter","Condition","SNOMED","Clinical Finding",NA
4246944,4129370,"Iodine deficiency syndrome","Congenital malposition of the thyroid gland","Condition","SNOMED","Clinical Finding",1
4327330,4129370,"Iodine deficiency syndrome","Endemic cretinism","Condition","SNOMED","Clinical Finding",1
4130017,4129370,"Iodine deficiency syndrome","Congenital hypothyroidism without goiter","Condition","SNOMED","Clinical Finding",1
4130027,4129370,"Iodine deficiency syndrome","Subclinical iodine deficiency hypothyroidism","Condition","SNOMED","Clinical Finding",1
4130061,4130061,"Neoplasm of pituitary gland","Neoplasm of pituitary gland","Condition","SNOMED","Clinical Finding",NA
4241796,4130061,"Neoplasm of pituitary gland","Carcinoma in situ of pituitary gland","Condition","SNOMED","Clinical Finding",NA
40490350,4130061,"Neoplasm of pituitary gland","Invasive pituitary adenoma","Condition","SNOMED","Clinical Finding",NA
4173822,4130061,"Neoplasm of pituitary gland","Suprasellar germ cell tumor","Condition","SNOMED","Clinical Finding",NA
36680598,4130061,"Neoplasm of pituitary gland","Somatomammotropinoma","Condition","SNOMED","Clinical Finding",NA
4112967,4130061,"Neoplasm of pituitary gland","Functionless pituitary adenoma","Condition","SNOMED","Clinical Finding",NA
4114195,4130061,"Neoplasm of pituitary gland","Pituitary mesoadenoma","Condition","SNOMED","Clinical Finding",NA
4095304,4130061,"Neoplasm of pituitary gland","Malignant neoplasm of pituitary gland and craniopharyngeal duct","Condition","SNOMED","Clinical Finding",NA
37312056,4130061,"Neoplasm of pituitary gland","Spindle cell oncocytoma of posterior pituitary gland","Condition","SNOMED","Clinical Finding",NA
4116213,4130061,"Neoplasm of pituitary gland","Pituitary microadenoma","Condition","SNOMED","Clinical Finding",NA
4177235,4130061,"Neoplasm of pituitary gland","Malignant tumor of pituitary gland","Condition","SNOMED","Clinical Finding",NA
37311849,4130061,"Neoplasm of pituitary gland","Malignant pituitary blastoma","Condition","SNOMED","Clinical Finding",NA
4110888,4130061,"Neoplasm of pituitary gland","Pituitary macroadenoma","Condition","SNOMED","Clinical Finding",NA
40490469,4130061,"Neoplasm of pituitary gland","Functionless pituitary neoplasm","Condition","SNOMED","Clinical Finding",NA
4034989,4130061,"Neoplasm of pituitary gland","Pituitary adenoma with extrasellar extension","Condition","SNOMED","Clinical Finding",NA
43531118,4130061,"Neoplasm of pituitary gland","Pituicytoma","Condition","SNOMED","Clinical Finding",NA
4114193,4130061,"Neoplasm of pituitary gland","Pituitary carcinoma","Condition","SNOMED","Clinical Finding",NA
4243872,4130061,"Neoplasm of pituitary gland","Carcinoma in situ of craniopharyngeal duct","Condition","SNOMED","Clinical Finding",NA
24296,4130061,"Neoplasm of pituitary gland","Primary malignant neoplasm of pituitary gland","Condition","SNOMED","Clinical Finding",NA
442134,4130061,"Neoplasm of pituitary gland","Primary malignant neoplasm of craniopharyngeal duct","Condition","SNOMED","Clinical Finding",NA
4095305,4130061,"Neoplasm of pituitary gland","Malignant tumor of craniopharyngeal duct","Condition","SNOMED","Clinical Finding",NA
4311209,4130061,"Neoplasm of pituitary gland","Secondary malignant neoplasm of pituitary gland","Condition","SNOMED","Clinical Finding",NA
4305452,4130061,"Neoplasm of pituitary gland","Prolactinoma","Condition","SNOMED","Clinical Finding",NA
442167,4130061,"Neoplasm of pituitary gland","Neoplasm of uncertain behavior of craniopharyngeal duct","Condition","SNOMED","Clinical Finding",NA
4130062,4130061,"Neoplasm of pituitary gland","Neoplasm of craniopharyngeal duct","Condition","SNOMED","Clinical Finding",NA
4100541,4130061,"Neoplasm of pituitary gland","Microprolactinoma","Condition","SNOMED","Clinical Finding",NA
437251,4130061,"Neoplasm of pituitary gland","Benign neoplasm of pituitary gland and craniopharyngeal duct","Condition","SNOMED","Clinical Finding",NA
4116212,4130061,"Neoplasm of pituitary gland","Corticotroph adenoma","Condition","SNOMED","Clinical Finding",NA
44782475,4130061,"Neoplasm of pituitary gland","Granular cell tumor of neurohypophysis","Condition","SNOMED","Clinical Finding",NA
4110887,4130061,"Neoplasm of pituitary gland","Gonadotroph adenoma","Condition","SNOMED","Clinical Finding",NA
4110886,4130061,"Neoplasm of pituitary gland","Thyrotroph adenoma","Condition","SNOMED","Clinical Finding",NA
37312054,4130061,"Neoplasm of pituitary gland","Sellar ependymoma of posterior pituitary gland","Condition","SNOMED","Clinical Finding",NA
27835,4130061,"Neoplasm of pituitary gland","Neoplasm of uncertain behavior of pituitary gland","Condition","SNOMED","Clinical Finding",NA
4242816,4130061,"Neoplasm of pituitary gland","Benign neoplasm of pituitary gland","Condition","SNOMED","Clinical Finding",NA
4112966,4130061,"Neoplasm of pituitary gland","Somatotroph adenoma","Condition","SNOMED","Clinical Finding",NA
4116211,4130061,"Neoplasm of pituitary gland","Pituitary adenoma","Condition","SNOMED","Clinical Finding",NA
37204367,4130061,"Neoplasm of pituitary gland","Pituitary dermoid and epidermoid cysts","Condition","SNOMED","Clinical Finding",NA
4114196,4130061,"Neoplasm of pituitary gland","Suprasellar extension of pituitary adenoma","Condition","SNOMED","Clinical Finding",NA
40488429,4130061,"Neoplasm of pituitary gland","Functioning pituitary neoplasm","Condition","SNOMED","Clinical Finding",NA
45765439,4130061,"Neoplasm of pituitary gland","Familial isolated pituitary adenoma","Condition","SNOMED","Clinical Finding",NA
4139634,4130061,"Neoplasm of pituitary gland","Pituitary macroadenoma with extrasellar extension","Condition","SNOMED","Clinical Finding",NA
4311767,4130061,"Neoplasm of pituitary gland","Secondary malignant neoplasm of craniopharyngeal duct","Condition","SNOMED","Clinical Finding",NA
4099351,4130061,"Neoplasm of pituitary gland","Craniopharyngioma","Condition","SNOMED","Clinical Finding",NA
4102379,4130061,"Neoplasm of pituitary gland","Macroprolactinoma","Condition","SNOMED","Clinical Finding",NA
4241026,4130061,"Neoplasm of pituitary gland","Benign neoplasm of craniopharyngeal duct","Condition","SNOMED","Clinical Finding",NA
37312055,4130061,"Neoplasm of pituitary gland","Pituicytoma of posterior pituitary gland","Condition","SNOMED","Clinical Finding",NA
4114194,4130061,"Neoplasm of pituitary gland","Mixed-functioning pituitary adenoma","Condition","SNOMED","Clinical Finding",NA
4028801,4130061,"Neoplasm of pituitary gland","Tumor of pituitary and suprasellar region","Condition","SNOMED","Clinical Finding",NA
4131909,4131909,"Neoplasm of thyroid gland","Neoplasm of thyroid gland","Condition","SNOMED","Clinical Finding",NA
4246740,4131909,"Neoplasm of thyroid gland","Adenomatous goiter","Condition","SNOMED","Clinical Finding",NA
4112986,4131909,"Neoplasm of thyroid gland","Thyroid follicular adenoma","Condition","SNOMED","Clinical Finding",NA
40488900,4131909,"Neoplasm of thyroid gland","Carcinoma of thyroid","Condition","SNOMED","Clinical Finding",NA
40486089,4131909,"Neoplasm of thyroid gland","Follicular neoplasm of thyroid","Condition","SNOMED","Clinical Finding",NA
37396743,4131909,"Neoplasm of thyroid gland","Familial papillary thyroid carcinoma with renal papillary neoplasia syndrome","Condition","SNOMED","Clinical Finding",NA
141249,4131909,"Neoplasm of thyroid gland","Benign neoplasm of thyroid gland","Condition","SNOMED","Clinical Finding",NA
4241917,4131909,"Neoplasm of thyroid gland","Carcinoma in situ of thyroid gland","Condition","SNOMED","Clinical Finding",NA
37206370,4131909,"Neoplasm of thyroid gland","Familial nonmedullary thyroid carcinoma","Condition","SNOMED","Clinical Finding",NA
4116229,4131909,"Neoplasm of thyroid gland","Mixed follicular and papillary thyroid carcinoma","Condition","SNOMED","Clinical Finding",NA
46270966,4131909,"Neoplasm of thyroid gland","Diffuse sclerosing papillary thyroid carcinoma","Condition","SNOMED","Clinical Finding",NA
4112985,4131909,"Neoplasm of thyroid gland","Anaplastic thyroid carcinoma","Condition","SNOMED","Clinical Finding",NA
37110333,4131909,"Neoplasm of thyroid gland","Primary undifferentiated carcinoma of thyroid gland","Condition","SNOMED","Clinical Finding",NA
4315809,4131909,"Neoplasm of thyroid gland","Secondary malignant neoplasm of thyroid gland","Condition","SNOMED","Clinical Finding",NA
4317826,4131909,"Neoplasm of thyroid gland","Neoplasm of uncertain behavior of thyroid gland","Condition","SNOMED","Clinical Finding",NA
37110332,4131909,"Neoplasm of thyroid gland","Primary poorly differentiated carcinoma of thyroid gland","Condition","SNOMED","Clinical Finding",NA
37018614,4131909,"Neoplasm of thyroid gland","Incidentaloma of thyroid gland","Condition","SNOMED","Clinical Finding",NA
40486547,4131909,"Neoplasm of thyroid gland","Follicular adenoma of ectopic thyroid tissue","Condition","SNOMED","Clinical Finding",NA
40493429,4131909,"Neoplasm of thyroid gland","Toxic thyroid adenoma","Condition","SNOMED","Clinical Finding",NA
4111010,4131909,"Neoplasm of thyroid gland","Follicular thyroid carcinoma","Condition","SNOMED","Clinical Finding",NA
36713418,4131909,"Neoplasm of thyroid gland","Papillary thyroid carcinoma with renal papillary neoplasia","Condition","SNOMED","Clinical Finding",NA
4080741,4131909,"Neoplasm of thyroid gland","Malignant lymphoma of thyroid gland","Condition","SNOMED","Clinical Finding",NA
4111011,4131909,"Neoplasm of thyroid gland","Medullary thyroid carcinoma","Condition","SNOMED","Clinical Finding",NA
36676291,4131909,"Neoplasm of thyroid gland","Primary differentiated carcinoma of thyroid gland","Condition","SNOMED","Clinical Finding",NA
4178976,4131909,"Neoplasm of thyroid gland","Malignant tumor of thyroid gland","Condition","SNOMED","Clinical Finding",NA
4114219,4131909,"Neoplasm of thyroid gland","Thyroid adenoma","Condition","SNOMED","Clinical Finding",NA
4312667,4131909,"Neoplasm of thyroid gland","Thyroid cancer metastatic to bone","Condition","SNOMED","Clinical Finding",NA
4200884,4131909,"Neoplasm of thyroid gland","Local recurrence of malignant tumor of thyroid gland","Condition","SNOMED","Clinical Finding",NA
4116228,4131909,"Neoplasm of thyroid gland","Papillary thyroid carcinoma","Condition","SNOMED","Clinical Finding",NA
4307263,4131909,"Neoplasm of thyroid gland","Hurthle cell carcinoma of thyroid","Condition","SNOMED","Clinical Finding",NA
133424,4131909,"Neoplasm of thyroid gland","Primary malignant neoplasm of thyroid gland","Condition","SNOMED","Clinical Finding",NA
4030041,4030041,"Thyroid nodule","Thyroid nodule","Condition","SNOMED","Clinical Finding",NA
4130011,4030041,"Thyroid nodule","Thyroid colloid nodule","Condition","SNOMED","Clinical Finding",NA
133737,133444,"Thyroiditis","Acute thyroiditis","Condition","SNOMED","Clinical Finding",2
4218126,133444,"Thyroiditis","Mumps thyroiditis","Condition","SNOMED","Clinical Finding",2
45757734,133444,"Thyroiditis","Euthyroid thyroiditis","Condition","SNOMED","Clinical Finding",2
45757161,133444,"Thyroiditis","Thyroiditis in pregnancy","Condition","SNOMED","Clinical Finding",2
4263629,133444,"Thyroiditis","Atypical subacute thyroiditis","Condition","SNOMED","Clinical Finding",2
4102064,133444,"Thyroiditis","Acute suppurative thyroiditis","Condition","SNOMED","Clinical Finding",2
4034819,133444,"Thyroiditis","Silent thyroiditis","Condition","SNOMED","Clinical Finding",2
132579,133444,"Thyroiditis","Subacute thyroiditis","Condition","SNOMED","Clinical Finding",2
4199437,133444,"Thyroiditis","Postpartum thyroiditis","Condition","SNOMED","Clinical Finding",2
37016339,133444,"Thyroiditis","Thyroiditis caused by amiodarone","Condition","SNOMED","Clinical Finding",2
4234977,133444,"Thyroiditis","Chronic nonsuppurative thyroiditis","Condition","SNOMED","Clinical Finding",2
40493187,133444,"Thyroiditis","Palpation thyroiditis","Condition","SNOMED","Clinical Finding",2
4100629,133444,"Thyroiditis","Hyperthyroidism with Hashimoto disease","Condition","SNOMED","Clinical Finding",2
4262558,133444,"Thyroiditis","Subacute lymphocytic thyroiditis","Condition","SNOMED","Clinical Finding",2
4281109,133444,"Thyroiditis","Autoimmune thyroiditis","Condition","SNOMED","Clinical Finding",2
4262557,133444,"Thyroiditis","Subacute autoimmune thyroiditis","Condition","SNOMED","Clinical Finding",2
133444,133444,"Thyroiditis","Thyroiditis","Condition","SNOMED","Clinical Finding",2
135215,133444,"Thyroiditis","Hashimoto thyroiditis","Condition","SNOMED","Clinical Finding",2
4095916,133444,"Thyroiditis","Acute non-suppurative thyroiditis","Condition","SNOMED","Clinical Finding",2
4186465,133444,"Thyroiditis","Viral thyroiditis","Condition","SNOMED","Clinical Finding",2
46271087,133444,"Thyroiditis","Chronic fibrous thyroiditis","Condition","SNOMED","Clinical Finding",2
135779,133444,"Thyroiditis","Iatrogenic thyroiditis","Condition","SNOMED","Clinical Finding",2
4130012,133444,"Thyroiditis","Hashitoxicosis - transient","Condition","SNOMED","Clinical Finding",2
4338540,133444,"Thyroiditis","Focal thyroiditis","Condition","SNOMED","Clinical Finding",2
36674282,133444,"Thyroiditis","Steroid-responsive encephalopathy associated with autoimmune thyroiditis","Condition","SNOMED","Clinical Finding",2
137520,133444,"Thyroiditis","Chronic thyroiditis","Condition","SNOMED","Clinical Finding",2
4130020,133444,"Thyroiditis","Drug-induced thyroiditis","Condition","SNOMED","Clinical Finding",2
4175992,133444,"Thyroiditis","Subacute granulomatous thyroiditis","Condition","SNOMED","Clinical Finding",2
4228334,133444,"Thyroiditis","Riedel's thyroiditis","Condition","SNOMED","Clinical Finding",2
4148556,133444,"Thyroiditis","Infectious thyroiditis","Condition","SNOMED","Clinical Finding",2
4314628,133444,"Thyroiditis","Chronic suppurative thyroiditis","Condition","SNOMED","Clinical Finding",2
45770894,133444,"Thyroiditis","Thyroiditis in mother complicating childbirth","Condition","SNOMED","Clinical Finding",2
138711,133444,"Thyroiditis","Fibrous autoimmune thyroiditis","Condition","SNOMED","Clinical Finding",2
4129363,133444,"Thyroiditis","Acute viral thyroiditis","Condition","SNOMED","Clinical Finding",2
4034812,133444,"Thyroiditis","Thyrotoxicosis due to acute thyroiditis","Condition","SNOMED","Clinical Finding",2
4129364,133444,"Thyroiditis","Chronic thyroiditis with transient thyrotoxicosis","Condition","SNOMED","Clinical Finding",2
