"concept_id","target_name","true_name","concept_name","domain_id","vocabulary_id","concept_class_id"
21602765,"carbimazole","carbimazole; oral","carbimazole; oral","Drug","ATC","ATC 5th"
19040606,"carbimazole","carbimazole","carbimazole","Drug","RxNorm","Ingredient"
19109203,"carbimazole","carbimazole","carbimazole 10 MG","Drug","RxNorm","Clinical Drug Comp"
19107525,"carbimazole","carbimazole","carbimazole 10 MG Oral Tablet","Drug","RxNorm","Clinical Drug"
19040609,"carbimazole","carbimazole","carbimazole 20 MG","Drug","RxNorm","Clinical Drug Comp"
19006936,"carbimazole","carbimazole","carbimazole 20 MG Oral Tablet","Drug","RxNorm","Clinical Drug"
19040610,"carbimazole","carbimazole","carbimazole 5 MG","Drug","RxNorm","Clinical Drug Comp"
19040608,"carbimazole","carbimazole","carbimazole 5 MG Oral Tablet","Drug","RxNorm","Clinical Drug"
40021558,"carbimazole","carbimazole","carbimazole Oral Tablet","Drug","RxNorm","Clinical Drug Form"
21126505,"carbimazole","carbimazole","1 ML Carbimazole 0.25 MG/ML Oral Solution","Drug","RxNorm Extension","Quant Clinical Drug"
21048103,"carbimazole","carbimazole","1 ML Carbimazole 0.25 MG/ML Oral Suspension","Drug","RxNorm Extension","Quant Clinical Drug"
21038271,"carbimazole","carbimazole","1 ML Carbimazole 0.3 MG/ML Oral Solution","Drug","RxNorm Extension","Quant Clinical Drug"
21116733,"carbimazole","carbimazole","1 ML Carbimazole 0.3 MG/ML Oral Suspension","Drug","RxNorm Extension","Quant Clinical Drug"
21146235,"carbimazole","carbimazole","1 ML Carbimazole 0.4 MG/ML Oral Solution","Drug","RxNorm Extension","Quant Clinical Drug"
21116732,"carbimazole","carbimazole","1 ML Carbimazole 0.4 MG/ML Oral Suspension","Drug","RxNorm Extension","Quant Clinical Drug"
21087341,"carbimazole","carbimazole","1 ML Carbimazole 0.5 MG/ML Oral Solution","Drug","RxNorm Extension","Quant Clinical Drug"
21146234,"carbimazole","carbimazole","1 ML Carbimazole 0.5 MG/ML Oral Suspension","Drug","RxNorm Extension","Quant Clinical Drug"
21067769,"carbimazole","carbimazole","1 ML Carbimazole 0.8 MG/ML Oral Solution","Drug","RxNorm Extension","Quant Clinical Drug"
21067770,"carbimazole","carbimazole","1 ML Carbimazole 0.8 MG/ML Oral Suspension","Drug","RxNorm Extension","Quant Clinical Drug"
21048105,"carbimazole","carbimazole","1 ML Carbimazole 1 MG/ML Oral Solution","Drug","RxNorm Extension","Quant Clinical Drug"
21067771,"carbimazole","carbimazole","1 ML Carbimazole 1 MG/ML Oral Suspension","Drug","RxNorm Extension","Quant Clinical Drug"
21156206,"carbimazole","carbimazole","1 ML Carbimazole 12 MG/ML Oral Solution","Drug","RxNorm Extension","Quant Clinical Drug"
21116735,"carbimazole","carbimazole","1 ML Carbimazole 12 MG/ML Oral Suspension","Drug","RxNorm Extension","Quant Clinical Drug"
21048104,"carbimazole","carbimazole","1 ML Carbimazole 2 MG/ML Oral Solution","Drug","RxNorm Extension","Quant Clinical Drug"
21175723,"carbimazole","carbimazole","1 ML Carbimazole 2 MG/ML Oral Suspension","Drug","RxNorm Extension","Quant Clinical Drug"
21107002,"carbimazole","carbimazole","1 ML Carbimazole 4 MG/ML Oral Solution","Drug","RxNorm Extension","Quant Clinical Drug"
21165980,"carbimazole","carbimazole","1 ML Carbimazole 4 MG/ML Oral Suspension","Drug","RxNorm Extension","Quant Clinical Drug"
21077635,"carbimazole","carbimazole","1 ML Carbimazole 6 MG/ML Oral Suspension","Drug","RxNorm Extension","Quant Clinical Drug"
35787841,"carbimazole","carbimazole","150 ML Carbimazole 2 MG/ML Oral Solution","Drug","RxNorm Extension","Quant Clinical Drug"
21137987,"carbimazole","carbimazole","150 ML Carbimazole 2 MG/ML Oral Suspension","Drug","RxNorm Extension","Quant Clinical Drug"
21055368,"carbimazole","carbimazole","Carbimazole 0.25 MG/ML","Drug","RxNorm Extension","Clinical Drug Comp"
21153645,"carbimazole","carbimazole","Carbimazole 0.25 MG/ML Oral Solution","Drug","RxNorm Extension","Clinical Drug"
21055369,"carbimazole","carbimazole","Carbimazole 0.25 MG/ML Oral Suspension","Drug","RxNorm Extension","Clinical Drug"
21123922,"carbimazole","carbimazole","Carbimazole 0.3 MG/ML","Drug","RxNorm Extension","Clinical Drug Comp"
21094609,"carbimazole","carbimazole","Carbimazole 0.3 MG/ML Oral Solution","Drug","RxNorm Extension","Clinical Drug"
21084849,"carbimazole","carbimazole","Carbimazole 0.3 MG/ML Oral Suspension","Drug","RxNorm Extension","Clinical Drug"
21104536,"carbimazole","carbimazole","Carbimazole 0.4 MG/ML","Drug","RxNorm Extension","Clinical Drug Comp"
21114296,"carbimazole","carbimazole","Carbimazole 0.4 MG/ML Oral Solution","Drug","RxNorm Extension","Clinical Drug"
21123921,"carbimazole","carbimazole","Carbimazole 0.4 MG/ML Oral Suspension","Drug","RxNorm Extension","Clinical Drug"
21114295,"carbimazole","carbimazole","Carbimazole 0.5 MG/ML","Drug","RxNorm Extension","Clinical Drug Comp"
21084847,"carbimazole","carbimazole","Carbimazole 0.5 MG/ML Oral Solution","Drug","RxNorm Extension","Clinical Drug"
21045587,"carbimazole","carbimazole","Carbimazole 0.5 MG/ML Oral Suspension","Drug","RxNorm Extension","Clinical Drug"
21153647,"carbimazole","carbimazole","Carbimazole 0.8 MG/ML","Drug","RxNorm Extension","Clinical Drug Comp"
21084848,"carbimazole","carbimazole","Carbimazole 0.8 MG/ML Oral Solution","Drug","RxNorm Extension","Clinical Drug"
21094608,"carbimazole","carbimazole","Carbimazole 0.8 MG/ML Oral Suspension","Drug","RxNorm Extension","Clinical Drug"
21075148,"carbimazole","carbimazole","Carbimazole 1 MG/ML","Drug","RxNorm Extension","Clinical Drug Comp"
21123925,"carbimazole","carbimazole","Carbimazole 1 MG/ML Oral Solution","Drug","RxNorm Extension","Clinical Drug"
21173231,"carbimazole","carbimazole","Carbimazole 1 MG/ML Oral Suspension","Drug","RxNorm Extension","Clinical Drug"
21114301,"carbimazole","carbimazole","Carbimazole 12 MG/ML","Drug","RxNorm Extension","Clinical Drug Comp"
21133797,"carbimazole","carbimazole","Carbimazole 12 MG/ML Oral Solution","Drug","RxNorm Extension","Clinical Drug"
21065205,"carbimazole","carbimazole","Carbimazole 12 MG/ML Oral Suspension","Drug","RxNorm Extension","Clinical Drug"
40733745,"carbimazole","carbimazole","Carbimazole 15 MG","Drug","RxNorm Extension","Clinical Drug Comp"
40732201,"carbimazole","carbimazole","Carbimazole 15 MG Oral Tablet","Drug","RxNorm Extension","Clinical Drug"
21065202,"carbimazole","carbimazole","Carbimazole 2 MG/ML","Drug","RxNorm Extension","Clinical Drug Comp"
21114298,"carbimazole","carbimazole","Carbimazole 2 MG/ML Oral Solution","Drug","RxNorm Extension","Clinical Drug"
21104538,"carbimazole","carbimazole","Carbimazole 2 MG/ML Oral Suspension","Drug","RxNorm Extension","Clinical Drug"
21143717,"carbimazole","carbimazole","Carbimazole 2.5 MG","Drug","RxNorm Extension","Clinical Drug Comp"
21075144,"carbimazole","carbimazole","Carbimazole 2.5 MG Oral Capsule","Drug","RxNorm Extension","Clinical Drug"
21084856,"carbimazole","carbimazole","Carbimazole 4 MG/ML","Drug","RxNorm Extension","Clinical Drug Comp"
21035731,"carbimazole","carbimazole","Carbimazole 4 MG/ML Oral Solution","Drug","RxNorm Extension","Clinical Drug"
21133798,"carbimazole","carbimazole","Carbimazole 4 MG/ML Oral Suspension","Drug","RxNorm Extension","Clinical Drug"
21163449,"carbimazole","carbimazole","Carbimazole 6 MG/ML","Drug","RxNorm Extension","Clinical Drug Comp"
21133793,"carbimazole","carbimazole","Carbimazole 6 MG/ML Oral Suspension","Drug","RxNorm Extension","Clinical Drug"
21084846,"carbimazole","carbimazole","Carbimazole Oral Capsule","Drug","RxNorm Extension","Clinical Drug Form"
21075142,"carbimazole","carbimazole","Carbimazole Oral Solution","Drug","RxNorm Extension","Clinical Drug Form"
21084845,"carbimazole","carbimazole","Carbimazole Oral Suspension","Drug","RxNorm Extension","Clinical Drug Form"
21602756,"levothyroxine","combinations of levothyroxine and liothyronine; systemic","combinations of levothyroxine and liothyronine; systemic","Drug","ATC","ATC 5th"
21602754,"levothyroxine","levothyroxine sodium; systemic","levothyroxine sodium; systemic","Drug","ATC","ATC 5th"
1511443,"levothyroxine","levothyroxine","5 ML levothyroxine sodium 0.02 MG/ML Injection","Drug","RxNorm","Quant Clinical Drug"
1511444,"levothyroxine","levothyroxine","5 ML levothyroxine sodium 0.04 MG/ML Injection","Drug","RxNorm","Quant Clinical Drug"
1511442,"levothyroxine","levothyroxine","5 ML levothyroxine sodium 0.1 MG/ML Injection","Drug","RxNorm","Quant Clinical Drug"
1501700,"levothyroxine","levothyroxine","levothyroxine","Drug","RxNorm","Ingredient"
40086668,"levothyroxine","levothyroxine","levothyroxine / liothyronine Oral Tablet","Drug","RxNorm","Clinical Drug Form"
40076134,"levothyroxine","levothyroxine","levothyroxine / potassium iodide Oral Tablet","Drug","RxNorm","Clinical Drug Form"
42801159,"levothyroxine","levothyroxine","levothyroxine Chewable Tablet","Drug","RxNorm","Clinical Drug Form"
1593922,"levothyroxine","levothyroxine","levothyroxine Injection","Drug","RxNorm","Clinical Drug Form"
40137687,"levothyroxine","levothyroxine","levothyroxine Oral Capsule","Drug","RxNorm","Clinical Drug Form"
43527018,"levothyroxine","levothyroxine","levothyroxine Oral Powder","Drug","RxNorm","Clinical Drug Form"
40224671,"levothyroxine","levothyroxine","levothyroxine Oral Solution","Drug","RxNorm","Clinical Drug Form"
40087471,"levothyroxine","levothyroxine","levothyroxine Oral Tablet","Drug","RxNorm","Clinical Drug Form"
43526818,"levothyroxine","levothyroxine","levothyroxine sodium 0.0022 MG/MG","Drug","RxNorm","Clinical Drug Comp"
43526760,"levothyroxine","levothyroxine","levothyroxine sodium 0.0022 MG/MG Oral Powder","Drug","RxNorm","Clinical Drug"
40175149,"levothyroxine","levothyroxine","levothyroxine sodium 0.0095 MG","Drug","RxNorm","Clinical Drug Comp"
40175150,"levothyroxine","levothyroxine","levothyroxine sodium 0.0095 MG / liothyronine sodium 0.00225 MG Oral Tablet","Drug","RxNorm","Clinical Drug"
40175151,"levothyroxine","levothyroxine","levothyroxine sodium 0.01 MG","Drug","RxNorm","Clinical Drug Comp"
40175152,"levothyroxine","levothyroxine","levothyroxine sodium 0.01 MG Oral Tablet","Drug","RxNorm","Clinical Drug"
40175155,"levothyroxine","levothyroxine","levothyroxine sodium 0.0125 MG","Drug","RxNorm","Clinical Drug Comp"
40175156,"levothyroxine","levothyroxine","levothyroxine sodium 0.0125 MG / liothyronine sodium 0.0031 MG Oral Tablet","Drug","RxNorm","Clinical Drug"
40175159,"levothyroxine","levothyroxine","levothyroxine sodium 0.0125 MG Oral Tablet","Drug","RxNorm","Clinical Drug"
40175160,"levothyroxine","levothyroxine","levothyroxine sodium 0.013 MG","Drug","RxNorm","Clinical Drug Comp"
40175161,"levothyroxine","levothyroxine","levothyroxine sodium 0.013 MG Oral Capsule","Drug","RxNorm","Clinical Drug"
35200544,"levothyroxine","levothyroxine","levothyroxine sodium 0.013 MG/ML","Drug","RxNorm","Clinical Drug Comp"
35200545,"levothyroxine","levothyroxine","levothyroxine sodium 0.013 MG/ML Oral Solution","Drug","RxNorm","Clinical Drug"
40175164,"levothyroxine","levothyroxine","levothyroxine sodium 0.019 MG","Drug","RxNorm","Clinical Drug Comp"
40175165,"levothyroxine","levothyroxine","levothyroxine sodium 0.019 MG / liothyronine 0.0045 MG Oral Tablet","Drug","RxNorm","Clinical Drug"
790128,"levothyroxine","levothyroxine","levothyroxine sodium 0.02 MG/ML","Drug","RxNorm","Clinical Drug Comp"
1511398,"levothyroxine","levothyroxine","levothyroxine sodium 0.02 MG/ML Injection","Drug","RxNorm","Clinical Drug"
40175166,"levothyroxine","levothyroxine","levothyroxine sodium 0.025 MG","Drug","RxNorm","Clinical Drug Comp"
40175167,"levothyroxine","levothyroxine","levothyroxine sodium 0.025 MG / liothyronine 0.0625 MG Oral Tablet","Drug","RxNorm","Clinical Drug"
40175168,"levothyroxine","levothyroxine","levothyroxine sodium 0.025 MG / liothyronine sodium 0.00625 MG Oral Tablet","Drug","RxNorm","Clinical Drug"
40175171,"levothyroxine","levothyroxine","levothyroxine sodium 0.025 MG / liothyronine sodium 0.05 MG Oral Tablet","Drug","RxNorm","Clinical Drug"
40175172,"levothyroxine","levothyroxine","levothyroxine sodium 0.025 MG Oral Capsule","Drug","RxNorm","Clinical Drug"
40175174,"levothyroxine","levothyroxine","levothyroxine sodium 0.025 MG Oral Tablet","Drug","RxNorm","Clinical Drug"
35200514,"levothyroxine","levothyroxine","levothyroxine sodium 0.025 MG/ML","Drug","RxNorm","Clinical Drug Comp"
35200515,"levothyroxine","levothyroxine","levothyroxine sodium 0.025 MG/ML Oral Solution","Drug","RxNorm","Clinical Drug"
40175196,"levothyroxine","levothyroxine","levothyroxine sodium 0.03 MG","Drug","RxNorm","Clinical Drug Comp"
40175197,"levothyroxine","levothyroxine","levothyroxine sodium 0.03 MG / liothyronine sodium 0.0025 MG Oral Tablet","Drug","RxNorm","Clinical Drug"
40175198,"levothyroxine","levothyroxine","levothyroxine sodium 0.03 MG / liothyronine sodium 0.0075 MG Oral Tablet","Drug","RxNorm","Clinical Drug"
40175201,"levothyroxine","levothyroxine","levothyroxine sodium 0.04 MG","Drug","RxNorm","Clinical Drug Comp"
40175202,"levothyroxine","levothyroxine","levothyroxine sodium 0.04 MG / liothyronine sodium 0.01 MG Oral Tablet","Drug","RxNorm","Clinical Drug"
1511399,"levothyroxine","levothyroxine","levothyroxine sodium 0.04 MG/ML","Drug","RxNorm","Clinical Drug Comp"
1511400,"levothyroxine","levothyroxine","levothyroxine sodium 0.04 MG/ML Injection","Drug","RxNorm","Clinical Drug"
40175203,"levothyroxine","levothyroxine","levothyroxine sodium 0.05 MG","Drug","RxNorm","Clinical Drug Comp"
40175205,"levothyroxine","levothyroxine","levothyroxine sodium 0.05 MG / liothyronine sodium 0.0125 MG Oral Tablet","Drug","RxNorm","Clinical Drug"
40175204,"levothyroxine","levothyroxine","levothyroxine sodium 0.05 MG / potassium iodide 0.15 MG Oral Tablet","Drug","RxNorm","Clinical Drug"
40175208,"levothyroxine","levothyroxine","levothyroxine sodium 0.05 MG Oral Capsule","Drug","RxNorm","Clinical Drug"
40175210,"levothyroxine","levothyroxine","levothyroxine sodium 0.05 MG Oral Tablet","Drug","RxNorm","Clinical Drug"
35200520,"levothyroxine","levothyroxine","levothyroxine sodium 0.05 MG/ML","Drug","RxNorm","Clinical Drug Comp"
35200521,"levothyroxine","levothyroxine","levothyroxine sodium 0.05 MG/ML Oral Solution","Drug","RxNorm","Clinical Drug"
40175234,"levothyroxine","levothyroxine","levothyroxine sodium 0.06 MG","Drug","RxNorm","Clinical Drug Comp"
40175235,"levothyroxine","levothyroxine","levothyroxine sodium 0.06 MG / liothyronine sodium 0.015 MG Oral Tablet","Drug","RxNorm","Clinical Drug"
40174873,"levothyroxine","levothyroxine","levothyroxine sodium 0.07 MG","Drug","RxNorm","Clinical Drug Comp"
40174874,"levothyroxine","levothyroxine","levothyroxine sodium 0.07 MG / potassium iodide 0.115 MG Oral Tablet","Drug","RxNorm","Clinical Drug"
40174875,"levothyroxine","levothyroxine","levothyroxine sodium 0.075 MG","Drug","RxNorm","Clinical Drug Comp"
40174877,"levothyroxine","levothyroxine","levothyroxine sodium 0.075 MG / liothyronine sodium 0.015 MG Oral Tablet","Drug","RxNorm","Clinical Drug"
40174876,"levothyroxine","levothyroxine","levothyroxine sodium 0.075 MG / potassium iodide 0.15 MG Oral Tablet","Drug","RxNorm","Clinical Drug"
40174878,"levothyroxine","levothyroxine","levothyroxine sodium 0.075 MG Oral Capsule","Drug","RxNorm","Clinical Drug"
40174880,"levothyroxine","levothyroxine","levothyroxine sodium 0.075 MG Oral Tablet","Drug","RxNorm","Clinical Drug"
35200524,"levothyroxine","levothyroxine","levothyroxine sodium 0.075 MG/ML","Drug","RxNorm","Clinical Drug Comp"
35200525,"levothyroxine","levothyroxine","levothyroxine sodium 0.075 MG/ML Oral Solution","Drug","RxNorm","Clinical Drug"
40174904,"levothyroxine","levothyroxine","levothyroxine sodium 0.088 MG","Drug","RxNorm","Clinical Drug Comp"
40174905,"levothyroxine","levothyroxine","levothyroxine sodium 0.088 MG Oral Capsule","Drug","RxNorm","Clinical Drug"
40174907,"levothyroxine","levothyroxine","levothyroxine sodium 0.088 MG Oral Tablet","Drug","RxNorm","Clinical Drug"
35200528,"levothyroxine","levothyroxine","levothyroxine sodium 0.088 MG/ML","Drug","RxNorm","Clinical Drug Comp"
35200529,"levothyroxine","levothyroxine","levothyroxine sodium 0.088 MG/ML Oral Solution","Drug","RxNorm","Clinical Drug"
40174927,"levothyroxine","levothyroxine","levothyroxine sodium 0.09 MG","Drug","RxNorm","Clinical Drug Comp"
40174928,"levothyroxine","levothyroxine","levothyroxine sodium 0.09 MG / liothyronine sodium 0.01 MG Oral Tablet","Drug","RxNorm","Clinical Drug"
40169765,"levothyroxine","levothyroxine","levothyroxine sodium 0.1 MG","Drug","RxNorm","Clinical Drug Comp"
40174932,"levothyroxine","levothyroxine","levothyroxine sodium 0.1 MG / liothyronine sodium 0.01 MG Oral Tablet","Drug","RxNorm","Clinical Drug"
40174933,"levothyroxine","levothyroxine","levothyroxine sodium 0.1 MG / liothyronine sodium 0.02 MG Oral Tablet","Drug","RxNorm","Clinical Drug"
40174934,"levothyroxine","levothyroxine","levothyroxine sodium 0.1 MG / liothyronine sodium 0.025 MG Oral Tablet","Drug","RxNorm","Clinical Drug"
40174929,"levothyroxine","levothyroxine","levothyroxine sodium 0.1 MG / potassium iodide 0.1 MG Oral Tablet","Drug","RxNorm","Clinical Drug"
40174930,"levothyroxine","levothyroxine","levothyroxine sodium 0.1 MG / potassium iodide 0.131 MG Oral Tablet","Drug","RxNorm","Clinical Drug"
40174931,"levothyroxine","levothyroxine","levothyroxine sodium 0.1 MG / potassium iodide 0.15 MG Oral Tablet","Drug","RxNorm","Clinical Drug"
43532806,"levothyroxine","levothyroxine","levothyroxine sodium 0.1 MG Chewable Tablet","Drug","RxNorm","Clinical Drug"
40240992,"levothyroxine","levothyroxine","levothyroxine sodium 0.1 MG Injection","Drug","RxNorm","Clinical Drug"
40174937,"levothyroxine","levothyroxine","levothyroxine sodium 0.1 MG Oral Capsule","Drug","RxNorm","Clinical Drug"
40169766,"levothyroxine","levothyroxine","levothyroxine sodium 0.1 MG Oral Tablet","Drug","RxNorm","Clinical Drug"
35200532,"levothyroxine","levothyroxine","levothyroxine sodium 0.1 MG/ML","Drug","RxNorm","Clinical Drug Comp"
1511396,"levothyroxine","levothyroxine","levothyroxine sodium 0.1 MG/ML Injection","Drug","RxNorm","Clinical Drug"
35200533,"levothyroxine","levothyroxine","levothyroxine sodium 0.1 MG/ML Oral Solution","Drug","RxNorm","Clinical Drug"
40174969,"levothyroxine","levothyroxine","levothyroxine sodium 0.112 MG","Drug","RxNorm","Clinical Drug Comp"
40174970,"levothyroxine","levothyroxine","levothyroxine sodium 0.112 MG Oral Capsule","Drug","RxNorm","Clinical Drug"
40174972,"levothyroxine","levothyroxine","levothyroxine sodium 0.112 MG Oral Tablet","Drug","RxNorm","Clinical Drug"
35200536,"levothyroxine","levothyroxine","levothyroxine sodium 0.112 MG/ML","Drug","RxNorm","Clinical Drug Comp"
35200537,"levothyroxine","levothyroxine","levothyroxine sodium 0.112 MG/ML Oral Solution","Drug","RxNorm","Clinical Drug"
40174992,"levothyroxine","levothyroxine","levothyroxine sodium 0.114 MG","Drug","RxNorm","Clinical Drug Comp"
40174994,"levothyroxine","levothyroxine","levothyroxine sodium 0.114 MG / liothyronine sodium 0.197 MG Oral Tablet","Drug","RxNorm","Clinical Drug"
40174995,"levothyroxine","levothyroxine","levothyroxine sodium 0.12 MG","Drug","RxNorm","Clinical Drug Comp"
40174996,"levothyroxine","levothyroxine","levothyroxine sodium 0.12 MG / liothyronine sodium 0.03 MG Oral Tablet","Drug","RxNorm","Clinical Drug"
40174997,"levothyroxine","levothyroxine","levothyroxine sodium 0.125 MG","Drug","RxNorm","Clinical Drug Comp"
40174998,"levothyroxine","levothyroxine","levothyroxine sodium 0.125 MG / potassium iodide 0.15 MG Oral Tablet","Drug","RxNorm","Clinical Drug"
40174999,"levothyroxine","levothyroxine","levothyroxine sodium 0.125 MG Oral Capsule","Drug","RxNorm","Clinical Drug"
40175001,"levothyroxine","levothyroxine","levothyroxine sodium 0.125 MG Oral Tablet","Drug","RxNorm","Clinical Drug"
35200540,"levothyroxine","levothyroxine","levothyroxine sodium 0.125 MG/ML","Drug","RxNorm","Clinical Drug Comp"
35200541,"levothyroxine","levothyroxine","levothyroxine sodium 0.125 MG/ML Oral Solution","Drug","RxNorm","Clinical Drug"
40175023,"levothyroxine","levothyroxine","levothyroxine sodium 0.137 MG","Drug","RxNorm","Clinical Drug Comp"
40175024,"levothyroxine","levothyroxine","levothyroxine sodium 0.137 MG Oral Capsule","Drug","RxNorm","Clinical Drug"
40175026,"levothyroxine","levothyroxine","levothyroxine sodium 0.137 MG Oral Tablet","Drug","RxNorm","Clinical Drug"
35200548,"levothyroxine","levothyroxine","levothyroxine sodium 0.137 MG/ML","Drug","RxNorm","Clinical Drug Comp"
35200549,"levothyroxine","levothyroxine","levothyroxine sodium 0.137 MG/ML Oral Solution","Drug","RxNorm","Clinical Drug"
40175044,"levothyroxine","levothyroxine","levothyroxine sodium 0.15 MG","Drug","RxNorm","Clinical Drug Comp"
40175045,"levothyroxine","levothyroxine","levothyroxine sodium 0.15 MG / liothyronine sodium 0.0375 MG Oral Tablet","Drug","RxNorm","Clinical Drug"
40175048,"levothyroxine","levothyroxine","levothyroxine sodium 0.15 MG Oral Capsule","Drug","RxNorm","Clinical Drug"
40175050,"levothyroxine","levothyroxine","levothyroxine sodium 0.15 MG Oral Tablet","Drug","RxNorm","Clinical Drug"
35200552,"levothyroxine","levothyroxine","levothyroxine sodium 0.15 MG/ML","Drug","RxNorm","Clinical Drug Comp"
35200553,"levothyroxine","levothyroxine","levothyroxine sodium 0.15 MG/ML Oral Solution","Drug","RxNorm","Clinical Drug"
40175074,"levothyroxine","levothyroxine","levothyroxine sodium 0.152 MG","Drug","RxNorm","Clinical Drug Comp"
40175075,"levothyroxine","levothyroxine","levothyroxine sodium 0.152 MG / liothyronine sodium 0.036 MG Oral Tablet","Drug","RxNorm","Clinical Drug"
40175076,"levothyroxine","levothyroxine","levothyroxine sodium 0.175 MG","Drug","RxNorm","Clinical Drug Comp"
1594566,"levothyroxine","levothyroxine","levothyroxine sodium 0.175 MG Oral Capsule","Drug","RxNorm","Clinical Drug"
40175077,"levothyroxine","levothyroxine","levothyroxine sodium 0.175 MG Oral Tablet","Drug","RxNorm","Clinical Drug"
35200556,"levothyroxine","levothyroxine","levothyroxine sodium 0.175 MG/ML","Drug","RxNorm","Clinical Drug Comp"
35200557,"levothyroxine","levothyroxine","levothyroxine sodium 0.175 MG/ML Oral Solution","Drug","RxNorm","Clinical Drug"
40175096,"levothyroxine","levothyroxine","levothyroxine sodium 0.18 MG","Drug","RxNorm","Clinical Drug Comp"
40175097,"levothyroxine","levothyroxine","levothyroxine sodium 0.18 MG / liothyronine sodium 0.045 MG Oral Tablet","Drug","RxNorm","Clinical Drug"
40175098,"levothyroxine","levothyroxine","levothyroxine sodium 0.19 MG","Drug","RxNorm","Clinical Drug Comp"
40175099,"levothyroxine","levothyroxine","levothyroxine sodium 0.19 MG / liothyronine sodium 0.045 MG Oral Tablet","Drug","RxNorm","Clinical Drug"
40169769,"levothyroxine","levothyroxine","levothyroxine sodium 0.2 MG","Drug","RxNorm","Clinical Drug Comp"
42800921,"levothyroxine","levothyroxine","levothyroxine sodium 0.2 MG Chewable Tablet","Drug","RxNorm","Clinical Drug"
40240995,"levothyroxine","levothyroxine","levothyroxine sodium 0.2 MG Injection","Drug","RxNorm","Clinical Drug"
1594569,"levothyroxine","levothyroxine","levothyroxine sodium 0.2 MG Oral Capsule","Drug","RxNorm","Clinical Drug"
40169770,"levothyroxine","levothyroxine","levothyroxine sodium 0.2 MG Oral Tablet","Drug","RxNorm","Clinical Drug"
35200560,"levothyroxine","levothyroxine","levothyroxine sodium 0.2 MG/ML","Drug","RxNorm","Clinical Drug Comp"
35200561,"levothyroxine","levothyroxine","levothyroxine sodium 0.2 MG/ML Oral Solution","Drug","RxNorm","Clinical Drug"
40169774,"levothyroxine","levothyroxine","levothyroxine sodium 0.3 MG","Drug","RxNorm","Clinical Drug Comp"
42800933,"levothyroxine","levothyroxine","levothyroxine sodium 0.3 MG Chewable Tablet","Drug","RxNorm","Clinical Drug"
40169775,"levothyroxine","levothyroxine","levothyroxine sodium 0.3 MG Oral Tablet","Drug","RxNorm","Clinical Drug"
40169778,"levothyroxine","levothyroxine","levothyroxine sodium 0.4 MG","Drug","RxNorm","Clinical Drug Comp"
42800936,"levothyroxine","levothyroxine","levothyroxine sodium 0.4 MG Chewable Tablet","Drug","RxNorm","Clinical Drug"
40169779,"levothyroxine","levothyroxine","levothyroxine sodium 0.4 MG Oral Tablet","Drug","RxNorm","Clinical Drug"
40169782,"levothyroxine","levothyroxine","levothyroxine sodium 0.5 MG","Drug","RxNorm","Clinical Drug Comp"
42800939,"levothyroxine","levothyroxine","levothyroxine sodium 0.5 MG Chewable Tablet","Drug","RxNorm","Clinical Drug"
40174964,"levothyroxine","levothyroxine","levothyroxine sodium 0.5 MG Injection","Drug","RxNorm","Clinical Drug"
40169783,"levothyroxine","levothyroxine","levothyroxine sodium 0.5 MG Oral Tablet","Drug","RxNorm","Clinical Drug"
40169786,"levothyroxine","levothyroxine","levothyroxine sodium 0.6 MG","Drug","RxNorm","Clinical Drug Comp"
42800942,"levothyroxine","levothyroxine","levothyroxine sodium 0.6 MG Chewable Tablet","Drug","RxNorm","Clinical Drug"
40169787,"levothyroxine","levothyroxine","levothyroxine sodium 0.6 MG Oral Tablet","Drug","RxNorm","Clinical Drug"
40169790,"levothyroxine","levothyroxine","levothyroxine sodium 0.7 MG","Drug","RxNorm","Clinical Drug Comp"
42800945,"levothyroxine","levothyroxine","levothyroxine sodium 0.7 MG Chewable Tablet","Drug","RxNorm","Clinical Drug"
40169791,"levothyroxine","levothyroxine","levothyroxine sodium 0.7 MG Oral Tablet","Drug","RxNorm","Clinical Drug"
40169794,"levothyroxine","levothyroxine","levothyroxine sodium 0.8 MG","Drug","RxNorm","Clinical Drug Comp"
42800948,"levothyroxine","levothyroxine","levothyroxine sodium 0.8 MG Chewable Tablet","Drug","RxNorm","Clinical Drug"
40169795,"levothyroxine","levothyroxine","levothyroxine sodium 0.8 MG Oral Tablet","Drug","RxNorm","Clinical Drug"
43532550,"levothyroxine","levothyroxine","levothyroxine sodium 0.9 MG","Drug","RxNorm","Clinical Drug Comp"
43532807,"levothyroxine","levothyroxine","levothyroxine sodium 0.9 MG Chewable Tablet","Drug","RxNorm","Clinical Drug"
40169798,"levothyroxine","levothyroxine","levothyroxine sodium 1 MG","Drug","RxNorm","Clinical Drug Comp"
43532808,"levothyroxine","levothyroxine","levothyroxine sodium 1 MG Chewable Tablet","Drug","RxNorm","Clinical Drug"
40169799,"levothyroxine","levothyroxine","levothyroxine sodium 1 MG Oral Tablet","Drug","RxNorm","Clinical Drug"
40225041,"levothyroxine","levothyroxine","levothyroxine sodium 1 MG/ML","Drug","RxNorm","Clinical Drug Comp"
40225042,"levothyroxine","levothyroxine","levothyroxine sodium 1 MG/ML Oral Solution","Drug","RxNorm","Clinical Drug"
21116897,"levothyroxine","levothyroxine","1 ML levothyroxine 0.001 MG/ML Oral Solution","Drug","RxNorm Extension","Quant Clinical Drug"
21107143,"levothyroxine","levothyroxine","1 ML levothyroxine 0.001 MG/ML Oral Suspension","Drug","RxNorm Extension","Quant Clinical Drug"
21126636,"levothyroxine","levothyroxine","1 ML levothyroxine 0.00125 MG/ML Oral Solution","Drug","RxNorm Extension","Quant Clinical Drug"
21048231,"levothyroxine","levothyroxine","1 ML levothyroxine 0.00125 MG/ML Oral Suspension","Drug","RxNorm Extension","Quant Clinical Drug"
21038421,"levothyroxine","levothyroxine","1 ML levothyroxine 0.0015 MG/ML Oral Solution","Drug","RxNorm Extension","Quant Clinical Drug"
21126639,"levothyroxine","levothyroxine","1 ML levothyroxine 0.0015 MG/ML Oral Suspension","Drug","RxNorm Extension","Quant Clinical Drug"
21097300,"levothyroxine","levothyroxine","1 ML levothyroxine 0.002 MG/ML Oral Solution","Drug","RxNorm Extension","Quant Clinical Drug"
21087491,"levothyroxine","levothyroxine","1 ML levothyroxine 0.002 MG/ML Oral Suspension","Drug","RxNorm Extension","Quant Clinical Drug"
21136512,"levothyroxine","levothyroxine","1 ML levothyroxine 0.0025 MG/ML Oral Solution","Drug","RxNorm Extension","Quant Clinical Drug"
21136513,"levothyroxine","levothyroxine","1 ML levothyroxine 0.0025 MG/ML Oral Suspension","Drug","RxNorm Extension","Quant Clinical Drug"
21107154,"levothyroxine","levothyroxine","1 ML levothyroxine 0.003 MG/ML Oral Solution","Drug","RxNorm Extension","Quant Clinical Drug"
21067902,"levothyroxine","levothyroxine","1 ML levothyroxine 0.003 MG/ML Oral Suspension","Drug","RxNorm Extension","Quant Clinical Drug"
21097293,"levothyroxine","levothyroxine","1 ML levothyroxine 0.004 MG/ML Oral Solution","Drug","RxNorm Extension","Quant Clinical Drug"
21156336,"levothyroxine","levothyroxine","1 ML levothyroxine 0.004 MG/ML Oral Suspension","Drug","RxNorm Extension","Quant Clinical Drug"
21116906,"levothyroxine","levothyroxine","1 ML levothyroxine 0.0048 MG/ML Oral Solution","Drug","RxNorm Extension","Quant Clinical Drug"
21048237,"levothyroxine","levothyroxine","1 ML levothyroxine 0.0048 MG/ML Oral Suspension","Drug","RxNorm Extension","Quant Clinical Drug"
21097290,"levothyroxine","levothyroxine","1 ML levothyroxine 0.005 MG/ML Oral Solution","Drug","RxNorm Extension","Quant Clinical Drug"
21107138,"levothyroxine","levothyroxine","1 ML levothyroxine 0.005 MG/ML Oral Suspension","Drug","RxNorm Extension","Quant Clinical Drug"
21097295,"levothyroxine","levothyroxine","1 ML levothyroxine 0.0054 MG/ML Oral Solution","Drug","RxNorm Extension","Quant Clinical Drug"
21136501,"levothyroxine","levothyroxine","1 ML levothyroxine 0.0054 MG/ML Oral Suspension","Drug","RxNorm Extension","Quant Clinical Drug"
21028618,"levothyroxine","levothyroxine","1 ML levothyroxine 0.006 MG/ML Oral Solution","Drug","RxNorm Extension","Quant Clinical Drug"
21126641,"levothyroxine","levothyroxine","1 ML levothyroxine 0.006 MG/ML Oral Suspension","Drug","RxNorm Extension","Quant Clinical Drug"
21107142,"levothyroxine","levothyroxine","1 ML levothyroxine 0.0064 MG/ML Oral Solution","Drug","RxNorm Extension","Quant Clinical Drug"
21087485,"levothyroxine","levothyroxine","1 ML levothyroxine 0.0064 MG/ML Oral Suspension","Drug","RxNorm Extension","Quant Clinical Drug"
21116902,"levothyroxine","levothyroxine","1 ML levothyroxine 0.007 MG/ML Oral Solution","Drug","RxNorm Extension","Quant Clinical Drug"
21107147,"levothyroxine","levothyroxine","1 ML levothyroxine 0.007 MG/ML Oral Suspension","Drug","RxNorm Extension","Quant Clinical Drug"
21136511,"levothyroxine","levothyroxine","1 ML levothyroxine 0.0074 MG/ML Oral Solution","Drug","RxNorm Extension","Quant Clinical Drug"
21126642,"levothyroxine","levothyroxine","1 ML levothyroxine 0.0074 MG/ML Oral Suspension","Drug","RxNorm Extension","Quant Clinical Drug"
21146375,"levothyroxine","levothyroxine","1 ML levothyroxine 0.0075 MG/ML Oral Solution","Drug","RxNorm Extension","Quant Clinical Drug"
21038417,"levothyroxine","levothyroxine","1 ML levothyroxine 0.0075 MG/ML Oral Suspension","Drug","RxNorm Extension","Quant Clinical Drug"
21146373,"levothyroxine","levothyroxine","1 ML levothyroxine 0.008 MG/ML Oral Solution","Drug","RxNorm Extension","Quant Clinical Drug"
21038414,"levothyroxine","levothyroxine","1 ML levothyroxine 0.008 MG/ML Oral Suspension","Drug","RxNorm Extension","Quant Clinical Drug"
21038413,"levothyroxine","levothyroxine","1 ML levothyroxine 0.009 MG/ML Oral Solution","Drug","RxNorm Extension","Quant Clinical Drug"
21116896,"levothyroxine","levothyroxine","1 ML levothyroxine 0.009 MG/ML Oral Suspension","Drug","RxNorm Extension","Quant Clinical Drug"
21097297,"levothyroxine","levothyroxine","1 ML levothyroxine 0.0096 MG/ML Oral Solution","Drug","RxNorm Extension","Quant Clinical Drug"
21136504,"levothyroxine","levothyroxine","1 ML levothyroxine 0.0096 MG/ML Oral Suspension","Drug","RxNorm Extension","Quant Clinical Drug"
21038418,"levothyroxine","levothyroxine","1 ML levothyroxine 0.01 MG/ML Oral Solution","Drug","RxNorm Extension","Quant Clinical Drug"
21097302,"levothyroxine","levothyroxine","1 ML levothyroxine 0.01 MG/ML Oral Suspension","Drug","RxNorm Extension","Quant Clinical Drug"
21087488,"levothyroxine","levothyroxine","1 ML levothyroxine 0.011 MG/ML Oral Solution","Drug","RxNorm Extension","Quant Clinical Drug"
21058018,"levothyroxine","levothyroxine","1 ML levothyroxine 0.011 MG/ML Oral Suspension","Drug","RxNorm Extension","Quant Clinical Drug"
21126635,"levothyroxine","levothyroxine","1 ML levothyroxine 0.0112 MG/ML Oral Solution","Drug","RxNorm Extension","Quant Clinical Drug"
21058016,"levothyroxine","levothyroxine","1 ML levothyroxine 0.0112 MG/ML Oral Suspension","Drug","RxNorm Extension","Quant Clinical Drug"
21107144,"levothyroxine","levothyroxine","1 ML levothyroxine 0.012 MG/ML Oral Solution","Drug","RxNorm Extension","Quant Clinical Drug"
21116899,"levothyroxine","levothyroxine","1 ML levothyroxine 0.012 MG/ML Oral Suspension","Drug","RxNorm Extension","Quant Clinical Drug"
21156342,"levothyroxine","levothyroxine","1 ML levothyroxine 0.0125 MG/ML Oral Solution","Drug","RxNorm Extension","Quant Clinical Drug"
21038415,"levothyroxine","levothyroxine","1 ML levothyroxine 0.0125 MG/ML Oral Suspension","Drug","RxNorm Extension","Quant Clinical Drug"
43038454,"levothyroxine","levothyroxine","1 ML levothyroxine 0.013 MG/ML Oral Solution","Drug","RxNorm Extension","Quant Clinical Drug"
21048229,"levothyroxine","levothyroxine","1 ML levothyroxine 0.014 MG/ML Oral Solution","Drug","RxNorm Extension","Quant Clinical Drug"
21166121,"levothyroxine","levothyroxine","1 ML levothyroxine 0.014 MG/ML Oral Suspension","Drug","RxNorm Extension","Quant Clinical Drug"
21156349,"levothyroxine","levothyroxine","1 ML levothyroxine 0.015 MG/ML Oral Solution","Drug","RxNorm Extension","Quant Clinical Drug"
21097309,"levothyroxine","levothyroxine","1 ML levothyroxine 0.015 MG/ML Oral Suspension","Drug","RxNorm Extension","Quant Clinical Drug"
21156347,"levothyroxine","levothyroxine","1 ML levothyroxine 0.016 MG/ML Oral Solution","Drug","RxNorm Extension","Quant Clinical Drug"
21097305,"levothyroxine","levothyroxine","1 ML levothyroxine 0.016 MG/ML Oral Suspension","Drug","RxNorm Extension","Quant Clinical Drug"
21107152,"levothyroxine","levothyroxine","1 ML levothyroxine 0.0175 MG/ML Oral Solution","Drug","RxNorm Extension","Quant Clinical Drug"
21156345,"levothyroxine","levothyroxine","1 ML levothyroxine 0.0175 MG/ML Oral Suspension","Drug","RxNorm Extension","Quant Clinical Drug"
21087493,"levothyroxine","levothyroxine","1 ML levothyroxine 0.018 MG/ML Oral Solution","Drug","RxNorm Extension","Quant Clinical Drug"
21126640,"levothyroxine","levothyroxine","1 ML levothyroxine 0.018 MG/ML Oral Suspension","Drug","RxNorm Extension","Quant Clinical Drug"
21126632,"levothyroxine","levothyroxine","1 ML levothyroxine 0.02 MG/ML Oral Solution","Drug","RxNorm Extension","Quant Clinical Drug"
21067897,"levothyroxine","levothyroxine","1 ML levothyroxine 0.02 MG/ML Oral Suspension","Drug","RxNorm Extension","Quant Clinical Drug"
21126637,"levothyroxine","levothyroxine","1 ML levothyroxine 0.024 MG/ML Oral Solution","Drug","RxNorm Extension","Quant Clinical Drug"
21048234,"levothyroxine","levothyroxine","1 ML levothyroxine 0.024 MG/ML Oral Suspension","Drug","RxNorm Extension","Quant Clinical Drug"
21097294,"levothyroxine","levothyroxine","1 ML levothyroxine 0.025 MG/ML Oral Solution","Drug","RxNorm Extension","Quant Clinical Drug"
21077752,"levothyroxine","levothyroxine","1 ML levothyroxine 0.025 MG/ML Oral Suspension","Drug","RxNorm Extension","Quant Clinical Drug"
21067901,"levothyroxine","levothyroxine","1 ML levothyroxine 0.03 MG/ML Oral Solution","Drug","RxNorm Extension","Quant Clinical Drug"
21107153,"levothyroxine","levothyroxine","1 ML levothyroxine 0.03 MG/ML Oral Suspension","Drug","RxNorm Extension","Quant Clinical Drug"
21077750,"levothyroxine","levothyroxine","1 ML levothyroxine 0.035 MG/ML Oral Solution","Drug","RxNorm Extension","Quant Clinical Drug"
21126628,"levothyroxine","levothyroxine","1 ML levothyroxine 0.035 MG/ML Oral Suspension","Drug","RxNorm Extension","Quant Clinical Drug"
21077753,"levothyroxine","levothyroxine","1 ML levothyroxine 0.04 MG/ML Oral Solution","Drug","RxNorm Extension","Quant Clinical Drug"
21175851,"levothyroxine","levothyroxine","1 ML levothyroxine 0.04 MG/ML Oral Suspension","Drug","RxNorm Extension","Quant Clinical Drug"
21038419,"levothyroxine","levothyroxine","1 ML levothyroxine 0.045 MG/ML Oral Solution","Drug","RxNorm Extension","Quant Clinical Drug"
21097303,"levothyroxine","levothyroxine","1 ML levothyroxine 0.045 MG/ML Oral Suspension","Drug","RxNorm Extension","Quant Clinical Drug"
21136514,"levothyroxine","levothyroxine","1 ML levothyroxine 0.05 MG/ML Oral Solution","Drug","RxNorm Extension","Quant Clinical Drug"
21097308,"levothyroxine","levothyroxine","1 ML levothyroxine 0.05 MG/ML Oral Suspension","Drug","RxNorm Extension","Quant Clinical Drug"
21166119,"levothyroxine","levothyroxine","1 ML levothyroxine 0.055 MG/ML Oral Solution","Drug","RxNorm Extension","Quant Clinical Drug"
21175852,"levothyroxine","levothyroxine","1 ML levothyroxine 0.055 MG/ML Oral Suspension","Drug","RxNorm Extension","Quant Clinical Drug"
21146374,"levothyroxine","levothyroxine","1 ML levothyroxine 0.057 MG/ML Oral Solution","Drug","RxNorm Extension","Quant Clinical Drug"
21058019,"levothyroxine","levothyroxine","1 ML levothyroxine 0.057 MG/ML Oral Suspension","Drug","RxNorm Extension","Quant Clinical Drug"
21048228,"levothyroxine","levothyroxine","1 ML levothyroxine 0.06 MG/ML Oral Solution","Drug","RxNorm Extension","Quant Clinical Drug"
21116898,"levothyroxine","levothyroxine","1 ML levothyroxine 0.06 MG/ML Oral Suspension","Drug","RxNorm Extension","Quant Clinical Drug"
21048224,"levothyroxine","levothyroxine","1 ML levothyroxine 0.0625 MG/ML Oral Solution","Drug","RxNorm Extension","Quant Clinical Drug"
21028613,"levothyroxine","levothyroxine","1 ML levothyroxine 0.0625 MG/ML Oral Suspension","Drug","RxNorm Extension","Quant Clinical Drug"
21126630,"levothyroxine","levothyroxine","1 ML levothyroxine 0.065 MG/ML Oral Solution","Drug","RxNorm Extension","Quant Clinical Drug"
21097291,"levothyroxine","levothyroxine","1 ML levothyroxine 0.065 MG/ML Oral Suspension","Drug","RxNorm Extension","Quant Clinical Drug"
21166116,"levothyroxine","levothyroxine","1 ML levothyroxine 0.07 MG/ML Oral Solution","Drug","RxNorm Extension","Quant Clinical Drug"
21038412,"levothyroxine","levothyroxine","1 ML levothyroxine 0.07 MG/ML Oral Suspension","Drug","RxNorm Extension","Quant Clinical Drug"
21166124,"levothyroxine","levothyroxine","1 ML levothyroxine 0.075 MG/ML Oral Solution","Drug","RxNorm Extension","Quant Clinical Drug"
21038420,"levothyroxine","levothyroxine","1 ML levothyroxine 0.075 MG/ML Oral Suspension","Drug","RxNorm Extension","Quant Clinical Drug"
21048221,"levothyroxine","levothyroxine","1 ML levothyroxine 0.08 MG/ML Oral Solution","Drug","RxNorm Extension","Quant Clinical Drug"
21058014,"levothyroxine","levothyroxine","1 ML levothyroxine 0.08 MG/ML Oral Suspension","Drug","RxNorm Extension","Quant Clinical Drug"
21175853,"levothyroxine","levothyroxine","1 ML levothyroxine 0.085 MG/ML Oral Solution","Drug","RxNorm Extension","Quant Clinical Drug"
21067899,"levothyroxine","levothyroxine","1 ML levothyroxine 0.085 MG/ML Oral Suspension","Drug","RxNorm Extension","Quant Clinical Drug"
43038439,"levothyroxine","levothyroxine","1 ML levothyroxine 0.088 MG/ML Oral Solution","Drug","RxNorm Extension","Quant Clinical Drug"
21107145,"levothyroxine","levothyroxine","1 ML levothyroxine 0.09 MG/ML Oral Solution","Drug","RxNorm Extension","Quant Clinical Drug"
21107146,"levothyroxine","levothyroxine","1 ML levothyroxine 0.09 MG/ML Oral Suspension","Drug","RxNorm Extension","Quant Clinical Drug"
35135124,"levothyroxine","levothyroxine","1 ML levothyroxine 0.1 MG/ML Oral Powder","Drug","RxNorm Extension","Quant Clinical Drug"
21048222,"levothyroxine","levothyroxine","1 ML levothyroxine 0.1 MG/ML Oral Solution","Drug","RxNorm Extension","Quant Clinical Drug"
21048223,"levothyroxine","levothyroxine","1 ML levothyroxine 0.1 MG/ML Oral Suspension","Drug","RxNorm Extension","Quant Clinical Drug"
36895113,"levothyroxine","levothyroxine","1 ML levothyroxine 0.112 MG/ML Oral Solution","Drug","RxNorm Extension","Quant Clinical Drug"
21116901,"levothyroxine","levothyroxine","1 ML levothyroxine 0.125 MG/ML Oral Solution","Drug","RxNorm Extension","Quant Clinical Drug"
21097298,"levothyroxine","levothyroxine","1 ML levothyroxine 0.125 MG/ML Oral Suspension","Drug","RxNorm Extension","Quant Clinical Drug"
43038449,"levothyroxine","levothyroxine","1 ML levothyroxine 0.137 MG/ML Oral Solution","Drug","RxNorm Extension","Quant Clinical Drug"
21077759,"levothyroxine","levothyroxine","1 ML levothyroxine 0.14 MG/ML Oral Solution","Drug","RxNorm Extension","Quant Clinical Drug"
21087490,"levothyroxine","levothyroxine","1 ML levothyroxine 0.14 MG/ML Oral Suspension","Drug","RxNorm Extension","Quant Clinical Drug"
21107139,"levothyroxine","levothyroxine","1 ML levothyroxine 0.15 MG/ML Oral Solution","Drug","RxNorm Extension","Quant Clinical Drug"
21107140,"levothyroxine","levothyroxine","1 ML levothyroxine 0.15 MG/ML Oral Suspension","Drug","RxNorm Extension","Quant Clinical Drug"
43038444,"levothyroxine","levothyroxine","1 ML levothyroxine 0.175 MG/ML Oral Solution","Drug","RxNorm Extension","Quant Clinical Drug"
43038421,"levothyroxine","levothyroxine","1 ML levothyroxine 0.2 MG/ML Injectable Solution","Drug","RxNorm Extension","Quant Clinical Drug"
21028619,"levothyroxine","levothyroxine","1 ML levothyroxine 0.2 MG/ML Oral Solution","Drug","RxNorm Extension","Quant Clinical Drug"
21038423,"levothyroxine","levothyroxine","1 ML levothyroxine 0.2 MG/ML Oral Suspension","Drug","RxNorm Extension","Quant Clinical Drug"
43141394,"levothyroxine","levothyroxine","1 ML levothyroxine 0.2 MG/ML Prefilled Syringe","Drug","RxNorm Extension","Quant Clinical Drug"
21038416,"levothyroxine","levothyroxine","1 ML levothyroxine 0.5 MG/ML Oral Solution","Drug","RxNorm Extension","Quant Clinical Drug"
21087489,"levothyroxine","levothyroxine","1 ML levothyroxine 0.5 MG/ML Oral Suspension","Drug","RxNorm Extension","Quant Clinical Drug"
41365082,"levothyroxine","levothyroxine","10 ML levothyroxine 0.05 MG/ML Injectable Solution","Drug","RxNorm Extension","Quant Clinical Drug"
41419298,"levothyroxine","levothyroxine","100 ML Araneus diadematus preparation 0.00005 MG/ML / Calcium 0.00000000005 MG/ML / Equisetum hyemale extract 0.005 MG/ML / ferrous cation 0.0000000001 MG/ML / Fumaria officinalis flowering top extract 0.005 MG/ML / ... Oral Solution","Drug","RxNorm Extension","Quant Clinical Drug"
41423579,"levothyroxine","levothyroxine","100 ML Bellis perennis extract 0.000002 MG/ML / Chelidonium majus extract 0.0000002 MG/ML / Dioscorea villosa tuber extract 0.000002 MG/ML / levothyroxine 0.000000001 MG/ML Oral Solution","Drug","RxNorm Extension","Quant Clinical Drug"
41419119,"levothyroxine","levothyroxine","100 ML levothyroxine 0.001 MG/ML Oral Solution","Drug","RxNorm Extension","Quant Clinical Drug"
21128075,"levothyroxine","levothyroxine","100 ML levothyroxine 0.005 MG/ML Oral Solution","Drug","RxNorm Extension","Quant Clinical Drug"
21108548,"levothyroxine","levothyroxine","100 ML levothyroxine 0.01 MG/ML Oral Solution","Drug","RxNorm Extension","Quant Clinical Drug"
21079124,"levothyroxine","levothyroxine","100 ML levothyroxine 0.01 MG/ML Oral Suspension","Drug","RxNorm Extension","Quant Clinical Drug"
21029990,"levothyroxine","levothyroxine","100 ML levothyroxine 0.02 MG/ML Oral Solution","Drug","RxNorm Extension","Quant Clinical Drug"
21069374,"levothyroxine","levothyroxine","100 ML levothyroxine 0.02 MG/ML Oral Suspension","Drug","RxNorm Extension","Quant Clinical Drug"
36808851,"levothyroxine","levothyroxine","100 ML levothyroxine 0.025 MG/ML Oral Solution","Drug","RxNorm Extension","Quant Clinical Drug"
35787114,"levothyroxine","levothyroxine","100 ML levothyroxine 0.04 MG/ML Oral Solution","Drug","RxNorm Extension","Quant Clinical Drug"
21167517,"levothyroxine","levothyroxine","100 ML levothyroxine 0.04 MG/ML Oral Suspension","Drug","RxNorm Extension","Quant Clinical Drug"
43175410,"levothyroxine","levothyroxine","15 ML levothyroxine 0.15 MG/ML Oral Solution","Drug","RxNorm Extension","Quant Clinical Drug"
21088923,"levothyroxine","levothyroxine","150 ML levothyroxine 0.005 MG/ML Oral Solution","Drug","RxNorm Extension","Quant Clinical Drug"
40711260,"levothyroxine","levothyroxine","150 ML levothyroxine 0.01 MG/ML Oral Solution","Drug","RxNorm Extension","Quant Clinical Drug"
41387873,"levothyroxine","levothyroxine","30 ML Araneus diadematus preparation 0.000167 MG/ML / Calcium 0.000000000167 MG/ML / Equisetum hyemale extract 0.0167 MG/ML / ferrous cation 0.000000000333 MG/ML / Fumaria officinalis flowering top extract 0.0167 MG/ML / ... Oral Solution","Drug","RxNorm Extension","Quant Clinical Drug"
41385545,"levothyroxine","levothyroxine","30 ML levothyroxine 0.003 MG/ML Oral Solution","Drug","RxNorm Extension","Quant Clinical Drug"
41388954,"levothyroxine","levothyroxine","30 ML levothyroxine 0.1 MG/ML Oral Solution","Drug","RxNorm Extension","Quant Clinical Drug"
43755058,"levothyroxine","levothyroxine","30 ML levothyroxine 0.112 MG/ML Oral Solution","Drug","RxNorm Extension","Quant Clinical Drug"
43753246,"levothyroxine","levothyroxine","5 ML levothyroxine 0.005 MG/ML Oral Solution","Drug","RxNorm Extension","Quant Clinical Drug"
43753247,"levothyroxine","levothyroxine","5 ML levothyroxine 0.01 MG/ML Oral Solution","Drug","RxNorm Extension","Quant Clinical Drug"
43789134,"levothyroxine","levothyroxine","5 ML levothyroxine 0.02 MG/ML Oral Solution","Drug","RxNorm Extension","Quant Clinical Drug"
43843682,"levothyroxine","levothyroxine","5 ML levothyroxine 0.1 MG/ML Injectable Solution","Drug","RxNorm Extension","Quant Clinical Drug"
41356036,"levothyroxine","levothyroxine","5 ML levothyroxine 0.1 MG/ML Injectable Suspension","Drug","RxNorm Extension","Quant Clinical Drug"
41392925,"levothyroxine","levothyroxine","50 ML Bellis perennis extract 0.000004 MG/ML / Chelidonium majus extract 0.0000004 MG/ML / Dioscorea villosa tuber extract 0.000004 MG/ML / levothyroxine 0.000000002 MG/ML Oral Solution","Drug","RxNorm Extension","Quant Clinical Drug"
35784510,"levothyroxine","levothyroxine","50 ML levothyroxine 0.02 MG/ML Oral Solution","Drug","RxNorm Extension","Quant Clinical Drug"
21098292,"levothyroxine","levothyroxine","50 ML levothyroxine 0.02 MG/ML Oral Suspension","Drug","RxNorm Extension","Quant Clinical Drug"
41205958,"levothyroxine","levothyroxine","Araneus diadematus preparation / Calcium / Equisetum hyemale extract / ferrous cation / Fumaria officinalis flowering top extract / Gentiana lutea root extract / Geranium robertianum extract / Juglans regia leaf extract / levothyroxine / ... Oral Tablet","Drug","RxNorm Extension","Clinical Drug Form"
41143419,"levothyroxine","levothyroxine","Araneus diadematus preparation / Calcium / Equisetum hyemale extract / ferrous cation / Fumaria officinalis flowering top extract / Gentiana lutea root extract / Geranium robertianum extract / levothyroxine / ... Oral Solution","Drug","RxNorm Extension","Clinical Drug Form"
40900426,"levothyroxine","levothyroxine","Araneus diadematus preparation 0.00005 MG/ML / Calcium 0.00000000005 MG/ML / Equisetum hyemale extract 0.005 MG/ML / ferrous cation 0.0000000001 MG/ML / Fumaria officinalis flowering top extract 0.005 MG/ML / ... Oral Solution","Drug","RxNorm Extension","Clinical Drug"
40869337,"levothyroxine","levothyroxine","Araneus diadematus preparation 0.000167 MG/ML / Calcium 0.000000000167 MG/ML / Equisetum hyemale extract 0.0167 MG/ML / ferrous cation 0.000000000333 MG/ML / Fumaria officinalis flowering top extract 0.0167 MG/ML / ... Oral Solution","Drug","RxNorm Extension","Clinical Drug"
40986740,"levothyroxine","levothyroxine","Bellis perennis extract / Chelidonium majus extract / Dioscorea villosa tuber extract / levothyroxine Oral Solution","Drug","RxNorm Extension","Clinical Drug Form"
40931288,"levothyroxine","levothyroxine","Bellis perennis extract 0.000002 MG/ML / Chelidonium majus extract 0.0000002 MG/ML / Dioscorea villosa tuber extract 0.000002 MG/ML / levothyroxine 0.000000001 MG/ML Oral Solution","Drug","RxNorm Extension","Clinical Drug"
41024821,"levothyroxine","levothyroxine","Bellis perennis extract 0.000004 MG/ML / Chelidonium majus extract 0.0000004 MG/ML / Dioscorea villosa tuber extract 0.000004 MG/ML / levothyroxine 0.000000002 MG/ML Oral Solution","Drug","RxNorm Extension","Clinical Drug"
41298655,"levothyroxine","levothyroxine","Calcium / Equisetum arvense whole extract / ferrous cation / Fumaria officinalis flowering top extract / Gentiana lutea root extract / Geranium robertianum extract / Juglans regia leaf extract / levothyroxine / ... Injectable Solution","Drug","RxNorm Extension","Clinical Drug Form"
41017398,"levothyroxine","levothyroxine","Iodine / levothyroxine / liothyronine / Lycopus Europaeus / Vitamin E Oral Tablet","Drug","RxNorm Extension","Clinical Drug Form"
41298332,"levothyroxine","levothyroxine","Iodine / levothyroxine / liothyronine Oral Tablet","Drug","RxNorm Extension","Clinical Drug Form"
41017399,"levothyroxine","levothyroxine","Iodine / levothyroxine Oral Tablet","Drug","RxNorm Extension","Clinical Drug Form"
40929025,"levothyroxine","levothyroxine","Iodine 0.099 MG / levothyroxine 0.05 MG Oral Tablet","Drug","RxNorm Extension","Clinical Drug"
40835689,"levothyroxine","levothyroxine","Iodine 0.099 MG / levothyroxine 0.075 MG Oral Tablet","Drug","RxNorm Extension","Clinical Drug"
40991554,"levothyroxine","levothyroxine","Iodine 0.099 MG / levothyroxine 0.1 MG Oral Tablet","Drug","RxNorm Extension","Clinical Drug"
41116545,"levothyroxine","levothyroxine","Iodine 0.14 MG / levothyroxine 0.1 MG Oral Tablet","Drug","RxNorm Extension","Clinical Drug"
40960326,"levothyroxine","levothyroxine","Iodine 0.15 MG / levothyroxine 0.07 MG / liothyronine 0.01 MG Oral Tablet","Drug","RxNorm Extension","Clinical Drug"
41148047,"levothyroxine","levothyroxine","Iodine 0.15 MG / levothyroxine 0.07 MG Oral Tablet","Drug","RxNorm Extension","Clinical Drug"
41303472,"levothyroxine","levothyroxine","Iodine 0.15 MG / levothyroxine 0.15 MG Oral Tablet","Drug","RxNorm Extension","Clinical Drug"
41022513,"levothyroxine","levothyroxine","Iodine 0.2 MG / levothyroxine 0.05 MG Oral Tablet","Drug","RxNorm Extension","Clinical Drug"
41272297,"levothyroxine","levothyroxine","Iodine 0.2 MG / levothyroxine 0.075 MG Oral Tablet","Drug","RxNorm Extension","Clinical Drug"
40835687,"levothyroxine","levothyroxine","Iodine 0.2 MG / levothyroxine 0.088 MG Oral Tablet","Drug","RxNorm Extension","Clinical Drug"
41210553,"levothyroxine","levothyroxine","Iodine 0.2 MG / levothyroxine 0.1 MG Oral Tablet","Drug","RxNorm Extension","Clinical Drug"
41210556,"levothyroxine","levothyroxine","Iodine 0.2 MG / levothyroxine 0.112 MG Oral Tablet","Drug","RxNorm Extension","Clinical Drug"
41241485,"levothyroxine","levothyroxine","Iodine 0.2 MG / levothyroxine 0.125 MG Oral Tablet","Drug","RxNorm Extension","Clinical Drug"
40835686,"levothyroxine","levothyroxine","Iodine 0.2 MG / levothyroxine 0.15 MG Oral Tablet","Drug","RxNorm Extension","Clinical Drug"
40960324,"levothyroxine","levothyroxine","Iodine 0.225 MG / levothyroxine 0.0025 MG / liothyronine 0.0015 MG / Lycopus Europaeus 2 MG / Vitamin E 2 MG Oral Tablet","Drug","RxNorm Extension","Clinical Drug"
41241484,"levothyroxine","levothyroxine","Iodine 0.225 MG / levothyroxine 0.0025 MG / liothyronine 0.0015 MG / Lycopus Europaeus 4 MG / Vitamin E 2 MG Oral Tablet","Drug","RxNorm Extension","Clinical Drug"
41148046,"levothyroxine","levothyroxine","Iodine 0.225 MG / levothyroxine 0.0025 MG / liothyronine 0.0015 MG Oral Tablet","Drug","RxNorm Extension","Clinical Drug"
41179085,"levothyroxine","levothyroxine","Iodine 131 MG / levothyroxine 0.1 MG Oral Tablet","Drug","RxNorm Extension","Clinical Drug"
40897909,"levothyroxine","levothyroxine","Iodine 196 MG / levothyroxine 0.05 MG Oral Tablet","Drug","RxNorm Extension","Clinical Drug"
40897910,"levothyroxine","levothyroxine","Iodine 196 MG / levothyroxine 0.075 MG Oral Tablet","Drug","RxNorm Extension","Clinical Drug"
41272299,"levothyroxine","levothyroxine","Iodine 196 MG / levothyroxine 0.088 MG Oral Tablet","Drug","RxNorm Extension","Clinical Drug"
40835688,"levothyroxine","levothyroxine","Iodine 196 MG / levothyroxine 0.1 MG Oral Tablet","Drug","RxNorm Extension","Clinical Drug"
41303474,"levothyroxine","levothyroxine","Iodine 196 MG / levothyroxine 0.112 MG Oral Tablet","Drug","RxNorm Extension","Clinical Drug"
40866788,"levothyroxine","levothyroxine","Iodine 196 MG / levothyroxine 0.125 MG Oral Tablet","Drug","RxNorm Extension","Clinical Drug"
40866789,"levothyroxine","levothyroxine","Iodine 196 MG / levothyroxine 0.15 MG Oral Tablet","Drug","RxNorm Extension","Clinical Drug"
41107849,"levothyroxine","levothyroxine","levothyroxine 0.00000000005 MG/ML","Drug","RxNorm Extension","Clinical Drug Comp"
40951433,"levothyroxine","levothyroxine","levothyroxine 0.000000000167 MG/ML","Drug","RxNorm Extension","Clinical Drug Comp"
41201773,"levothyroxine","levothyroxine","levothyroxine 0.000000001 MG/ML","Drug","RxNorm Extension","Clinical Drug Comp"
40858029,"levothyroxine","levothyroxine","levothyroxine 0.000000002 MG/ML","Drug","RxNorm Extension","Clinical Drug Comp"
21056785,"levothyroxine","levothyroxine","levothyroxine 0.001 MG/ML","Drug","RxNorm Extension","Clinical Drug Comp"
21096055,"levothyroxine","levothyroxine","levothyroxine 0.001 MG/ML Oral Solution","Drug","RxNorm Extension","Clinical Drug"
21145133,"levothyroxine","levothyroxine","levothyroxine 0.001 MG/ML Oral Suspension","Drug","RxNorm Extension","Clinical Drug"
21115701,"levothyroxine","levothyroxine","levothyroxine 0.00125 MG/ML","Drug","RxNorm Extension","Clinical Drug Comp"
21135259,"levothyroxine","levothyroxine","levothyroxine 0.00125 MG/ML Oral Solution","Drug","RxNorm Extension","Clinical Drug"
21027359,"levothyroxine","levothyroxine","levothyroxine 0.00125 MG/ML Oral Suspension","Drug","RxNorm Extension","Clinical Drug"
21164919,"levothyroxine","levothyroxine","levothyroxine 0.0015 MG/ML","Drug","RxNorm Extension","Clinical Drug Comp"
21076568,"levothyroxine","levothyroxine","levothyroxine 0.0015 MG/ML Oral Solution","Drug","RxNorm Extension","Clinical Drug"
21135274,"levothyroxine","levothyroxine","levothyroxine 0.0015 MG/ML Oral Suspension","Drug","RxNorm Extension","Clinical Drug"
21125369,"levothyroxine","levothyroxine","levothyroxine 0.002 MG/ML","Drug","RxNorm Extension","Clinical Drug Comp"
21037137,"levothyroxine","levothyroxine","levothyroxine 0.002 MG/ML Oral Solution","Drug","RxNorm Extension","Clinical Drug"
21086286,"levothyroxine","levothyroxine","levothyroxine 0.002 MG/ML Oral Suspension","Drug","RxNorm Extension","Clinical Drug"
41232819,"levothyroxine","levothyroxine","levothyroxine 0.0025 MG","Drug","RxNorm Extension","Clinical Drug Comp"
21105938,"levothyroxine","levothyroxine","levothyroxine 0.0025 MG/ML","Drug","RxNorm Extension","Clinical Drug Comp"
21174658,"levothyroxine","levothyroxine","levothyroxine 0.0025 MG/ML Oral Solution","Drug","RxNorm Extension","Clinical Drug"
21056815,"levothyroxine","levothyroxine","levothyroxine 0.0025 MG/ML Oral Suspension","Drug","RxNorm Extension","Clinical Drug"
21145145,"levothyroxine","levothyroxine","levothyroxine 0.003 MG/ML","Drug","RxNorm Extension","Clinical Drug Comp"
21125370,"levothyroxine","levothyroxine","levothyroxine 0.003 MG/ML Oral Solution","Drug","RxNorm Extension","Clinical Drug"
21076549,"levothyroxine","levothyroxine","levothyroxine 0.003 MG/ML Oral Suspension","Drug","RxNorm Extension","Clinical Drug"
21037125,"levothyroxine","levothyroxine","levothyroxine 0.004 MG/ML","Drug","RxNorm Extension","Clinical Drug Comp"
21037126,"levothyroxine","levothyroxine","levothyroxine 0.004 MG/ML Oral Solution","Drug","RxNorm Extension","Clinical Drug"
21164892,"levothyroxine","levothyroxine","levothyroxine 0.004 MG/ML Oral Suspension","Drug","RxNorm Extension","Clinical Drug"
21135277,"levothyroxine","levothyroxine","levothyroxine 0.0048 MG/ML","Drug","RxNorm Extension","Clinical Drug Comp"
21037150,"levothyroxine","levothyroxine","levothyroxine 0.0048 MG/ML Oral Solution","Drug","RxNorm Extension","Clinical Drug"
21086299,"levothyroxine","levothyroxine","levothyroxine 0.0048 MG/ML Oral Suspension","Drug","RxNorm Extension","Clinical Drug"
21086267,"levothyroxine","levothyroxine","levothyroxine 0.005 MG/ML","Drug","RxNorm Extension","Clinical Drug Comp"
21155069,"levothyroxine","levothyroxine","levothyroxine 0.005 MG/ML Oral Solution","Drug","RxNorm Extension","Clinical Drug"
21047062,"levothyroxine","levothyroxine","levothyroxine 0.005 MG/ML Oral Suspension","Drug","RxNorm Extension","Clinical Drug"
21096052,"levothyroxine","levothyroxine","levothyroxine 0.0054 MG/ML","Drug","RxNorm Extension","Clinical Drug Comp"
21164896,"levothyroxine","levothyroxine","levothyroxine 0.0054 MG/ML Oral Solution","Drug","RxNorm Extension","Clinical Drug"
21125352,"levothyroxine","levothyroxine","levothyroxine 0.0054 MG/ML Oral Suspension","Drug","RxNorm Extension","Clinical Drug"
21155104,"levothyroxine","levothyroxine","levothyroxine 0.006 MG/ML","Drug","RxNorm Extension","Clinical Drug Comp"
21027387,"levothyroxine","levothyroxine","levothyroxine 0.006 MG/ML Oral Solution","Drug","RxNorm Extension","Clinical Drug"
21076572,"levothyroxine","levothyroxine","levothyroxine 0.006 MG/ML Oral Suspension","Drug","RxNorm Extension","Clinical Drug"
21145132,"levothyroxine","levothyroxine","levothyroxine 0.0064 MG/ML","Drug","RxNorm Extension","Clinical Drug Comp"
21047063,"levothyroxine","levothyroxine","levothyroxine 0.0064 MG/ML Oral Solution","Drug","RxNorm Extension","Clinical Drug"
21155075,"levothyroxine","levothyroxine","levothyroxine 0.0064 MG/ML Oral Suspension","Drug","RxNorm Extension","Clinical Drug"
21086277,"levothyroxine","levothyroxine","levothyroxine 0.007 MG/ML","Drug","RxNorm Extension","Clinical Drug Comp"
21115698,"levothyroxine","levothyroxine","levothyroxine 0.007 MG/ML Oral Solution","Drug","RxNorm Extension","Clinical Drug"
21056789,"levothyroxine","levothyroxine","levothyroxine 0.007 MG/ML Oral Suspension","Drug","RxNorm Extension","Clinical Drug"
21096075,"levothyroxine","levothyroxine","levothyroxine 0.0074 MG/ML","Drug","RxNorm Extension","Clinical Drug Comp"
21056814,"levothyroxine","levothyroxine","levothyroxine 0.0074 MG/ML Oral Solution","Drug","RxNorm Extension","Clinical Drug"
21027391,"levothyroxine","levothyroxine","levothyroxine 0.0074 MG/ML Oral Suspension","Drug","RxNorm Extension","Clinical Drug"
21115713,"levothyroxine","levothyroxine","levothyroxine 0.0075 MG/ML","Drug","RxNorm Extension","Clinical Drug Comp"
21047075,"levothyroxine","levothyroxine","levothyroxine 0.0075 MG/ML Oral Solution","Drug","RxNorm Extension","Clinical Drug"
21125368,"levothyroxine","levothyroxine","levothyroxine 0.0075 MG/ML Oral Suspension","Drug","RxNorm Extension","Clinical Drug"
21145136,"levothyroxine","levothyroxine","levothyroxine 0.008 MG/ML","Drug","RxNorm Extension","Clinical Drug Comp"
21125361,"levothyroxine","levothyroxine","levothyroxine 0.008 MG/ML Oral Solution","Drug","RxNorm Extension","Clinical Drug"
21047070,"levothyroxine","levothyroxine","levothyroxine 0.008 MG/ML Oral Suspension","Drug","RxNorm Extension","Clinical Drug"
21096053,"levothyroxine","levothyroxine","levothyroxine 0.009 MG/ML","Drug","RxNorm Extension","Clinical Drug Comp"
21115692,"levothyroxine","levothyroxine","levothyroxine 0.009 MG/ML Oral Solution","Drug","RxNorm Extension","Clinical Drug"
21174625,"levothyroxine","levothyroxine","levothyroxine 0.009 MG/ML Oral Suspension","Drug","RxNorm Extension","Clinical Drug"
21066637,"levothyroxine","levothyroxine","levothyroxine 0.0096 MG/ML","Drug","RxNorm Extension","Clinical Drug Comp"
21115693,"levothyroxine","levothyroxine","levothyroxine 0.0096 MG/ML Oral Solution","Drug","RxNorm Extension","Clinical Drug"
21096054,"levothyroxine","levothyroxine","levothyroxine 0.0096 MG/ML Oral Suspension","Drug","RxNorm Extension","Clinical Drug"
21105934,"levothyroxine","levothyroxine","levothyroxine 0.01 MG Oral Capsule","Drug","RxNorm Extension","Clinical Drug"
21115721,"levothyroxine","levothyroxine","levothyroxine 0.01 MG/ML","Drug","RxNorm Extension","Clinical Drug Comp"
21047082,"levothyroxine","levothyroxine","levothyroxine 0.01 MG/ML Oral Solution","Drug","RxNorm Extension","Clinical Drug"
21066657,"levothyroxine","levothyroxine","levothyroxine 0.01 MG/ML Oral Suspension","Drug","RxNorm Extension","Clinical Drug"
21135258,"levothyroxine","levothyroxine","levothyroxine 0.011 MG/ML","Drug","RxNorm Extension","Clinical Drug Comp"
21155079,"levothyroxine","levothyroxine","levothyroxine 0.011 MG/ML Oral Solution","Drug","RxNorm Extension","Clinical Drug"
21066641,"levothyroxine","levothyroxine","levothyroxine 0.011 MG/ML Oral Suspension","Drug","RxNorm Extension","Clinical Drug"
21135254,"levothyroxine","levothyroxine","levothyroxine 0.0112 MG/ML","Drug","RxNorm Extension","Clinical Drug Comp"
21076535,"levothyroxine","levothyroxine","levothyroxine 0.0112 MG/ML Oral Solution","Drug","RxNorm Extension","Clinical Drug"
21105917,"levothyroxine","levothyroxine","levothyroxine 0.0112 MG/ML Oral Suspension","Drug","RxNorm Extension","Clinical Drug"
21047066,"levothyroxine","levothyroxine","levothyroxine 0.012 MG/ML","Drug","RxNorm Extension","Clinical Drug Comp"
21027356,"levothyroxine","levothyroxine","levothyroxine 0.012 MG/ML Oral Solution","Drug","RxNorm Extension","Clinical Drug"
21115695,"levothyroxine","levothyroxine","levothyroxine 0.012 MG/ML Oral Suspension","Drug","RxNorm Extension","Clinical Drug"
21125362,"levothyroxine","levothyroxine","levothyroxine 0.0125 MG/ML","Drug","RxNorm Extension","Clinical Drug Comp"
21125363,"levothyroxine","levothyroxine","levothyroxine 0.0125 MG/ML Oral Solution","Drug","RxNorm Extension","Clinical Drug"
21086280,"levothyroxine","levothyroxine","levothyroxine 0.0125 MG/ML Oral Suspension","Drug","RxNorm Extension","Clinical Drug"
21076537,"levothyroxine","levothyroxine","levothyroxine 0.014 MG/ML","Drug","RxNorm Extension","Clinical Drug Comp"
21125357,"levothyroxine","levothyroxine","levothyroxine 0.014 MG/ML Oral Solution","Drug","RxNorm Extension","Clinical Drug"
21125358,"levothyroxine","levothyroxine","levothyroxine 0.014 MG/ML Oral Suspension","Drug","RxNorm Extension","Clinical Drug"
21105937,"levothyroxine","levothyroxine","levothyroxine 0.015 MG","Drug","RxNorm Extension","Clinical Drug Comp"
21164924,"levothyroxine","levothyroxine","levothyroxine 0.015 MG Oral Capsule","Drug","RxNorm Extension","Clinical Drug"
21086300,"levothyroxine","levothyroxine","levothyroxine 0.015 MG/ML","Drug","RxNorm Extension","Clinical Drug Comp"
21155106,"levothyroxine","levothyroxine","levothyroxine 0.015 MG/ML Oral Solution","Drug","RxNorm Extension","Clinical Drug"
21027394,"levothyroxine","levothyroxine","levothyroxine 0.015 MG/ML Oral Suspension","Drug","RxNorm Extension","Clinical Drug"
21125378,"levothyroxine","levothyroxine","levothyroxine 0.016 MG/ML","Drug","RxNorm Extension","Clinical Drug Comp"
21076569,"levothyroxine","levothyroxine","levothyroxine 0.016 MG/ML Oral Solution","Drug","RxNorm Extension","Clinical Drug"
21056810,"levothyroxine","levothyroxine","levothyroxine 0.016 MG/ML Oral Suspension","Drug","RxNorm Extension","Clinical Drug"
21155090,"levothyroxine","levothyroxine","levothyroxine 0.0175 MG/ML","Drug","RxNorm Extension","Clinical Drug Comp"
21027368,"levothyroxine","levothyroxine","levothyroxine 0.0175 MG/ML Oral Solution","Drug","RxNorm Extension","Clinical Drug"
21027370,"levothyroxine","levothyroxine","levothyroxine 0.0175 MG/ML Oral Suspension","Drug","RxNorm Extension","Clinical Drug"
36879713,"levothyroxine","levothyroxine","levothyroxine 0.018 MG/ML","Drug","RxNorm Extension","Clinical Drug Comp"
21155103,"levothyroxine","levothyroxine","levothyroxine 0.018 MG/ML Oral Solution","Drug","RxNorm Extension","Clinical Drug"
21164920,"levothyroxine","levothyroxine","levothyroxine 0.018 MG/ML Oral Suspension","Drug","RxNorm Extension","Clinical Drug"
21105623,"levothyroxine","levothyroxine","levothyroxine 0.019 MG / liothyronine 0.004 MG Oral Tablet","Drug","RxNorm Extension","Clinical Drug"
42620172,"levothyroxine","levothyroxine","levothyroxine 0.02 MG/ML","Drug","RxNorm Extension","Clinical Drug Comp"
21076533,"levothyroxine","levothyroxine","levothyroxine 0.02 MG/ML Oral Solution","Drug","RxNorm Extension","Clinical Drug"
21066634,"levothyroxine","levothyroxine","levothyroxine 0.02 MG/ML Oral Suspension","Drug","RxNorm Extension","Clinical Drug"
21105933,"levothyroxine","levothyroxine","levothyroxine 0.024 MG/ML","Drug","RxNorm Extension","Clinical Drug Comp"
21076567,"levothyroxine","levothyroxine","levothyroxine 0.024 MG/ML Oral Solution","Drug","RxNorm Extension","Clinical Drug"
21115724,"levothyroxine","levothyroxine","levothyroxine 0.024 MG/ML Oral Suspension","Drug","RxNorm Extension","Clinical Drug"
41085153,"levothyroxine","levothyroxine","levothyroxine 0.025 MG / liothyronine 0.005 MG Oral Tablet","Drug","RxNorm Extension","Clinical Drug"
36269864,"levothyroxine","levothyroxine","levothyroxine 0.025 MG Disintegrating Oral Tablet","Drug","RxNorm Extension","Clinical Drug"
21174649,"levothyroxine","levothyroxine","levothyroxine 0.025 MG Injectable Solution","Drug","RxNorm Extension","Clinical Drug"
40742445,"levothyroxine","levothyroxine","levothyroxine 0.025 MG Oral Powder","Drug","RxNorm Extension","Clinical Drug"
21145131,"levothyroxine","levothyroxine","levothyroxine 0.025 MG/ML","Drug","RxNorm Extension","Clinical Drug Comp"
21056782,"levothyroxine","levothyroxine","levothyroxine 0.025 MG/ML Oral Solution","Drug","RxNorm Extension","Clinical Drug"
21027353,"levothyroxine","levothyroxine","levothyroxine 0.025 MG/ML Oral Suspension","Drug","RxNorm Extension","Clinical Drug"
21096074,"levothyroxine","levothyroxine","levothyroxine 0.03 MG Injectable Solution","Drug","RxNorm Extension","Clinical Drug"
40742899,"levothyroxine","levothyroxine","levothyroxine 0.03 MG Oral Powder","Drug","RxNorm Extension","Clinical Drug"
36894804,"levothyroxine","levothyroxine","levothyroxine 0.03 MG Oral Tablet","Drug","RxNorm Extension","Clinical Drug"
21076547,"levothyroxine","levothyroxine","levothyroxine 0.03 MG/ML","Drug","RxNorm Extension","Clinical Drug Comp"
21145143,"levothyroxine","levothyroxine","levothyroxine 0.03 MG/ML Oral Solution","Drug","RxNorm Extension","Clinical Drug"
21076548,"levothyroxine","levothyroxine","levothyroxine 0.03 MG/ML Oral Suspension","Drug","RxNorm Extension","Clinical Drug"
21066638,"levothyroxine","levothyroxine","levothyroxine 0.035 MG","Drug","RxNorm Extension","Clinical Drug Comp"
21027056,"levothyroxine","levothyroxine","levothyroxine 0.035 MG / liothyronine 0.0075 MG Oral Tablet","Drug","RxNorm Extension","Clinical Drug"
21115687,"levothyroxine","levothyroxine","levothyroxine 0.035 MG/ML","Drug","RxNorm Extension","Clinical Drug Comp"
21145125,"levothyroxine","levothyroxine","levothyroxine 0.035 MG/ML Oral Solution","Drug","RxNorm Extension","Clinical Drug"
21066629,"levothyroxine","levothyroxine","levothyroxine 0.035 MG/ML Oral Suspension","Drug","RxNorm Extension","Clinical Drug"
2058153,"levothyroxine","levothyroxine","levothyroxine 0.0375 MG","Drug","RxNorm Extension","Clinical Drug Comp"
2058151,"levothyroxine","levothyroxine","levothyroxine 0.0375 MG Oral Tablet","Drug","RxNorm Extension","Clinical Drug"
36892911,"levothyroxine","levothyroxine","levothyroxine 0.04 MG / liothyronine 0.009 MG Oral Tablet","Drug","RxNorm Extension","Clinical Drug"
21066639,"levothyroxine","levothyroxine","levothyroxine 0.04 MG Injectable Solution","Drug","RxNorm Extension","Clinical Drug"
40742915,"levothyroxine","levothyroxine","levothyroxine 0.04 MG Oral Powder","Drug","RxNorm Extension","Clinical Drug"
42621011,"levothyroxine","levothyroxine","levothyroxine 0.04 MG/ML","Drug","RxNorm Extension","Clinical Drug Comp"
21164895,"levothyroxine","levothyroxine","levothyroxine 0.04 MG/ML Oral Solution","Drug","RxNorm Extension","Clinical Drug"
21056783,"levothyroxine","levothyroxine","levothyroxine 0.04 MG/ML Oral Suspension","Drug","RxNorm Extension","Clinical Drug"
21164918,"levothyroxine","levothyroxine","levothyroxine 0.045 MG/ML","Drug","RxNorm Extension","Clinical Drug Comp"
21086296,"levothyroxine","levothyroxine","levothyroxine 0.045 MG/ML Oral Solution","Drug","RxNorm Extension","Clinical Drug"
21066658,"levothyroxine","levothyroxine","levothyroxine 0.045 MG/ML Oral Suspension","Drug","RxNorm Extension","Clinical Drug"
36890911,"levothyroxine","levothyroxine","levothyroxine 0.05 MG / Potassium Iodide 0.2 MG Oral Tablet","Drug","RxNorm Extension","Clinical Drug"
36274966,"levothyroxine","levothyroxine","levothyroxine 0.05 MG Disintegrating Oral Tablet","Drug","RxNorm Extension","Clinical Drug"
21056795,"levothyroxine","levothyroxine","levothyroxine 0.05 MG Injectable Solution","Drug","RxNorm Extension","Clinical Drug"
40742310,"levothyroxine","levothyroxine","levothyroxine 0.05 MG Oral Powder","Drug","RxNorm Extension","Clinical Drug"
21076576,"levothyroxine","levothyroxine","levothyroxine 0.05 MG/ML","Drug","RxNorm Extension","Clinical Drug Comp"
41022296,"levothyroxine","levothyroxine","levothyroxine 0.05 MG/ML Injectable Solution","Drug","RxNorm Extension","Clinical Drug"
21145157,"levothyroxine","levothyroxine","levothyroxine 0.05 MG/ML Oral Solution","Drug","RxNorm Extension","Clinical Drug"
21145158,"levothyroxine","levothyroxine","levothyroxine 0.05 MG/ML Oral Suspension","Drug","RxNorm Extension","Clinical Drug"
21066635,"levothyroxine","levothyroxine","levothyroxine 0.055 MG/ML","Drug","RxNorm Extension","Clinical Drug Comp"
21105913,"levothyroxine","levothyroxine","levothyroxine 0.055 MG/ML Oral Solution","Drug","RxNorm Extension","Clinical Drug"
21105914,"levothyroxine","levothyroxine","levothyroxine 0.055 MG/ML Oral Suspension","Drug","RxNorm Extension","Clinical Drug"
21096061,"levothyroxine","levothyroxine","levothyroxine 0.057 MG/ML","Drug","RxNorm Extension","Clinical Drug Comp"
21174634,"levothyroxine","levothyroxine","levothyroxine 0.057 MG/ML Oral Solution","Drug","RxNorm Extension","Clinical Drug"
21027366,"levothyroxine","levothyroxine","levothyroxine 0.057 MG/ML Oral Suspension","Drug","RxNorm Extension","Clinical Drug"
21154744,"levothyroxine","levothyroxine","levothyroxine 0.06 MG / liothyronine 0.0125 MG Oral Tablet","Drug","RxNorm Extension","Clinical Drug"
43671683,"levothyroxine","levothyroxine","levothyroxine 0.06 MG / Potassium Iodide 0.1 MG Oral Tablet","Drug","RxNorm Extension","Clinical Drug"
36892910,"levothyroxine","levothyroxine","levothyroxine 0.06 MG / Potassium Iodide 0.2 MG Oral Tablet","Drug","RxNorm Extension","Clinical Drug"
21145135,"levothyroxine","levothyroxine","levothyroxine 0.06 MG Injectable Solution","Drug","RxNorm Extension","Clinical Drug"
40742431,"levothyroxine","levothyroxine","levothyroxine 0.06 MG Oral Powder","Drug","RxNorm Extension","Clinical Drug"
36894805,"levothyroxine","levothyroxine","levothyroxine 0.06 MG Oral Tablet","Drug","RxNorm Extension","Clinical Drug"
21096057,"levothyroxine","levothyroxine","levothyroxine 0.06 MG/ML","Drug","RxNorm Extension","Clinical Drug Comp"
21056787,"levothyroxine","levothyroxine","levothyroxine 0.06 MG/ML Oral Solution","Drug","RxNorm Extension","Clinical Drug"
21115694,"levothyroxine","levothyroxine","levothyroxine 0.06 MG/ML Oral Suspension","Drug","RxNorm Extension","Clinical Drug"
21115689,"levothyroxine","levothyroxine","levothyroxine 0.0625 MG/ML","Drug","RxNorm Extension","Clinical Drug Comp"
21135245,"levothyroxine","levothyroxine","levothyroxine 0.0625 MG/ML Oral Solution","Drug","RxNorm Extension","Clinical Drug"
21115690,"levothyroxine","levothyroxine","levothyroxine 0.0625 MG/ML Oral Suspension","Drug","RxNorm Extension","Clinical Drug"
21056778,"levothyroxine","levothyroxine","levothyroxine 0.065 MG/ML","Drug","RxNorm Extension","Clinical Drug Comp"
21037124,"levothyroxine","levothyroxine","levothyroxine 0.065 MG/ML Oral Solution","Drug","RxNorm Extension","Clinical Drug"
21155071,"levothyroxine","levothyroxine","levothyroxine 0.065 MG/ML Oral Suspension","Drug","RxNorm Extension","Clinical Drug"
21135246,"levothyroxine","levothyroxine","levothyroxine 0.07 MG/ML","Drug","RxNorm Extension","Clinical Drug Comp"
21174623,"levothyroxine","levothyroxine","levothyroxine 0.07 MG/ML Oral Solution","Drug","RxNorm Extension","Clinical Drug"
21076531,"levothyroxine","levothyroxine","levothyroxine 0.07 MG/ML Oral Suspension","Drug","RxNorm Extension","Clinical Drug"
21115413,"levothyroxine","levothyroxine","levothyroxine 0.075 MG / liothyronine 0.017 MG Oral Tablet","Drug","RxNorm Extension","Clinical Drug"
21046762,"levothyroxine","levothyroxine","levothyroxine 0.075 MG / liothyronine 0.018 MG Oral Tablet","Drug","RxNorm Extension","Clinical Drug"
36891889,"levothyroxine","levothyroxine","levothyroxine 0.075 MG / Potassium Iodide 0.2 MG Oral Tablet","Drug","RxNorm Extension","Clinical Drug"
36259616,"levothyroxine","levothyroxine","levothyroxine 0.075 MG Disintegrating Oral Tablet","Drug","RxNorm Extension","Clinical Drug"
21096064,"levothyroxine","levothyroxine","levothyroxine 0.075 MG Injectable Solution","Drug","RxNorm Extension","Clinical Drug"
40742903,"levothyroxine","levothyroxine","levothyroxine 0.075 MG Oral Powder","Drug","RxNorm Extension","Clinical Drug"
21066659,"levothyroxine","levothyroxine","levothyroxine 0.075 MG/ML","Drug","RxNorm Extension","Clinical Drug Comp"
21056808,"levothyroxine","levothyroxine","levothyroxine 0.075 MG/ML Oral Solution","Drug","RxNorm Extension","Clinical Drug"
21056809,"levothyroxine","levothyroxine","levothyroxine 0.075 MG/ML Oral Suspension","Drug","RxNorm Extension","Clinical Drug"
21076529,"levothyroxine","levothyroxine","levothyroxine 0.08 MG/ML","Drug","RxNorm Extension","Clinical Drug Comp"
21056777,"levothyroxine","levothyroxine","levothyroxine 0.08 MG/ML Oral Solution","Drug","RxNorm Extension","Clinical Drug"
21135244,"levothyroxine","levothyroxine","levothyroxine 0.08 MG/ML Oral Suspension","Drug","RxNorm Extension","Clinical Drug"
21086273,"levothyroxine","levothyroxine","levothyroxine 0.085 MG/ML","Drug","RxNorm Extension","Clinical Drug Comp"
21086274,"levothyroxine","levothyroxine","levothyroxine 0.085 MG/ML Oral Solution","Drug","RxNorm Extension","Clinical Drug"
21164897,"levothyroxine","levothyroxine","levothyroxine 0.085 MG/ML Oral Suspension","Drug","RxNorm Extension","Clinical Drug"
43743463,"levothyroxine","levothyroxine","levothyroxine 0.088 MG / Potassium Iodide 0.1 MG Oral Tablet","Drug","RxNorm Extension","Clinical Drug"
36887924,"levothyroxine","levothyroxine","levothyroxine 0.088 MG / Potassium Iodide 0.2 MG Oral Tablet","Drug","RxNorm Extension","Clinical Drug"
36886435,"levothyroxine","levothyroxine","levothyroxine 0.09 MG/ML","Drug","RxNorm Extension","Clinical Drug Comp"
21027357,"levothyroxine","levothyroxine","levothyroxine 0.09 MG/ML Oral Solution","Drug","RxNorm Extension","Clinical Drug"
21076536,"levothyroxine","levothyroxine","levothyroxine 0.09 MG/ML Oral Suspension","Drug","RxNorm Extension","Clinical Drug"
36881231,"levothyroxine","levothyroxine","levothyroxine 0.1 MG / Potassium Iodide 0.2 MG Oral Tablet","Drug","RxNorm Extension","Clinical Drug"
36272406,"levothyroxine","levothyroxine","levothyroxine 0.1 MG Disintegrating Oral Tablet","Drug","RxNorm Extension","Clinical Drug"
21056802,"levothyroxine","levothyroxine","levothyroxine 0.1 MG Injectable Solution","Drug","RxNorm Extension","Clinical Drug"
40742435,"levothyroxine","levothyroxine","levothyroxine 0.1 MG Oral Powder","Drug","RxNorm Extension","Clinical Drug"
42619732,"levothyroxine","levothyroxine","levothyroxine 0.1 MG/ML","Drug","RxNorm Extension","Clinical Drug Comp"
42620889,"levothyroxine","levothyroxine","levothyroxine 0.1 MG/ML Injectable Solution","Drug","RxNorm Extension","Clinical Drug"
41241298,"levothyroxine","levothyroxine","levothyroxine 0.1 MG/ML Injectable Suspension","Drug","RxNorm Extension","Clinical Drug"
35141995,"levothyroxine","levothyroxine","levothyroxine 0.1 MG/ML Oral Powder","Drug","RxNorm Extension","Clinical Drug"
21164888,"levothyroxine","levothyroxine","levothyroxine 0.1 MG/ML Oral Solution","Drug","RxNorm Extension","Clinical Drug"
21174620,"levothyroxine","levothyroxine","levothyroxine 0.1 MG/ML Oral Suspension","Drug","RxNorm Extension","Clinical Drug"
21066314,"levothyroxine","levothyroxine","levothyroxine 0.112 MG / liothyronine 0.025 MG Oral Tablet","Drug","RxNorm Extension","Clinical Drug"
36882161,"levothyroxine","levothyroxine","levothyroxine 0.112 MG / Potassium Iodide 0.1 MG Oral Tablet","Drug","RxNorm Extension","Clinical Drug"
36893863,"levothyroxine","levothyroxine","levothyroxine 0.112 MG / Potassium Iodide 0.2 MG Oral Tablet","Drug","RxNorm Extension","Clinical Drug"
40742308,"levothyroxine","levothyroxine","levothyroxine 0.112 MG Oral Powder","Drug","RxNorm Extension","Clinical Drug"
36886434,"levothyroxine","levothyroxine","levothyroxine 0.112 MG/ML","Drug","RxNorm Extension","Clinical Drug Comp"
36884067,"levothyroxine","levothyroxine","levothyroxine 0.112 MG/ML Oral Solution","Drug","RxNorm Extension","Clinical Drug"
36892909,"levothyroxine","levothyroxine","levothyroxine 0.125 MG / Potassium Iodide 0.2 MG Oral Tablet","Drug","RxNorm Extension","Clinical Drug"
36269863,"levothyroxine","levothyroxine","levothyroxine 0.125 MG Disintegrating Oral Tablet","Drug","RxNorm Extension","Clinical Drug"
21047069,"levothyroxine","levothyroxine","levothyroxine 0.125 MG Injectable Solution","Drug","RxNorm Extension","Clinical Drug"
40742901,"levothyroxine","levothyroxine","levothyroxine 0.125 MG Oral Powder","Drug","RxNorm Extension","Clinical Drug"
21086276,"levothyroxine","levothyroxine","levothyroxine 0.125 MG/ML","Drug","RxNorm Extension","Clinical Drug Comp"
21164900,"levothyroxine","levothyroxine","levothyroxine 0.125 MG/ML Oral Solution","Drug","RxNorm Extension","Clinical Drug"
21174628,"levothyroxine","levothyroxine","levothyroxine 0.125 MG/ML Oral Suspension","Drug","RxNorm Extension","Clinical Drug"
21145141,"levothyroxine","levothyroxine","levothyroxine 0.14 MG/ML","Drug","RxNorm Extension","Clinical Drug Comp"
21164905,"levothyroxine","levothyroxine","levothyroxine 0.14 MG/ML Oral Solution","Drug","RxNorm Extension","Clinical Drug"
21027367,"levothyroxine","levothyroxine","levothyroxine 0.14 MG/ML Oral Suspension","Drug","RxNorm Extension","Clinical Drug"
36889917,"levothyroxine","levothyroxine","levothyroxine 0.15 MG / Potassium Iodide 0.2 MG Oral Tablet","Drug","RxNorm Extension","Clinical Drug"
36267330,"levothyroxine","levothyroxine","levothyroxine 0.15 MG Disintegrating Oral Tablet","Drug","RxNorm Extension","Clinical Drug"
21056797,"levothyroxine","levothyroxine","levothyroxine 0.15 MG Injectable Solution","Drug","RxNorm Extension","Clinical Drug"
40742897,"levothyroxine","levothyroxine","levothyroxine 0.15 MG Oral Powder","Drug","RxNorm Extension","Clinical Drug"
21037129,"levothyroxine","levothyroxine","levothyroxine 0.15 MG/ML","Drug","RxNorm Extension","Clinical Drug Comp"
21174624,"levothyroxine","levothyroxine","levothyroxine 0.15 MG/ML Oral Solution","Drug","RxNorm Extension","Clinical Drug"
21076534,"levothyroxine","levothyroxine","levothyroxine 0.15 MG/ML Oral Suspension","Drug","RxNorm Extension","Clinical Drug"
36891890,"levothyroxine","levothyroxine","levothyroxine 0.175 MG / Potassium Iodide 0.2 MG Oral Tablet","Drug","RxNorm Extension","Clinical Drug"
36277543,"levothyroxine","levothyroxine","levothyroxine 0.175 MG Disintegrating Oral Tablet","Drug","RxNorm Extension","Clinical Drug"
40742301,"levothyroxine","levothyroxine","levothyroxine 0.2 MG / liothyronine 0.05 MG Oral Tablet","Drug","RxNorm Extension","Clinical Drug"
36269862,"levothyroxine","levothyroxine","levothyroxine 0.2 MG Disintegrating Oral Tablet","Drug","RxNorm Extension","Clinical Drug"
21086298,"levothyroxine","levothyroxine","levothyroxine 0.2 MG Injectable Solution","Drug","RxNorm Extension","Clinical Drug"
40742913,"levothyroxine","levothyroxine","levothyroxine 0.2 MG Oral Powder","Drug","RxNorm Extension","Clinical Drug"
21135276,"levothyroxine","levothyroxine","levothyroxine 0.2 MG/ML","Drug","RxNorm Extension","Clinical Drug Comp"
43027755,"levothyroxine","levothyroxine","levothyroxine 0.2 MG/ML Injectable Solution","Drug","RxNorm Extension","Clinical Drug"
21027389,"levothyroxine","levothyroxine","levothyroxine 0.2 MG/ML Oral Solution","Drug","RxNorm Extension","Clinical Drug"
21076574,"levothyroxine","levothyroxine","levothyroxine 0.2 MG/ML Oral Suspension","Drug","RxNorm Extension","Clinical Drug"
36892913,"levothyroxine","levothyroxine","levothyroxine 0.2 MG/ML Prefilled Syringe","Drug","RxNorm Extension","Clinical Drug"
36880690,"levothyroxine","levothyroxine","levothyroxine 0.223 MG","Drug","RxNorm Extension","Clinical Drug Comp"
36882163,"levothyroxine","levothyroxine","levothyroxine 0.223 MG Oral Tablet","Drug","RxNorm Extension","Clinical Drug"
36892351,"levothyroxine","levothyroxine","levothyroxine 0.227 MG","Drug","RxNorm Extension","Clinical Drug Comp"
36880271,"levothyroxine","levothyroxine","levothyroxine 0.227 MG Oral Tablet","Drug","RxNorm Extension","Clinical Drug"
21115704,"levothyroxine","levothyroxine","levothyroxine 0.25 MG","Drug","RxNorm Extension","Clinical Drug Comp"
21135260,"levothyroxine","levothyroxine","levothyroxine 0.25 MG Injectable Solution","Drug","RxNorm Extension","Clinical Drug"
40742429,"levothyroxine","levothyroxine","levothyroxine 0.25 MG Oral Powder","Drug","RxNorm Extension","Clinical Drug"
44084263,"levothyroxine","levothyroxine","levothyroxine 0.5 MG Injectable Solution","Drug","RxNorm Extension","Clinical Drug"
44123196,"levothyroxine","levothyroxine","levothyroxine 0.5 MG Injectable Suspension","Drug","RxNorm Extension","Clinical Drug"
21155088,"levothyroxine","levothyroxine","levothyroxine 0.5 MG/ML","Drug","RxNorm Extension","Clinical Drug Comp"
21174633,"levothyroxine","levothyroxine","levothyroxine 0.5 MG/ML Oral Solution","Drug","RxNorm Extension","Clinical Drug"
21135265,"levothyroxine","levothyroxine","levothyroxine 0.5 MG/ML Oral Suspension","Drug","RxNorm Extension","Clinical Drug"
36891371,"levothyroxine","levothyroxine","levothyroxine 1.12 MG","Drug","RxNorm Extension","Clinical Drug Comp"
36891891,"levothyroxine","levothyroxine","levothyroxine 1.12 MG Oral Tablet","Drug","RxNorm Extension","Clinical Drug"
41107850,"levothyroxine","levothyroxine","levothyroxine 100 MG","Drug","RxNorm Extension","Clinical Drug Comp"
41022295,"levothyroxine","levothyroxine","levothyroxine 100 MG Oral Tablet","Drug","RxNorm Extension","Clinical Drug"
41202056,"levothyroxine","levothyroxine","levothyroxine 20 MG","Drug","RxNorm Extension","Clinical Drug Comp"
41304119,"levothyroxine","levothyroxine","levothyroxine 20 MG Oral Capsule","Drug","RxNorm Extension","Clinical Drug"
36272021,"levothyroxine","levothyroxine","levothyroxine Disintegrating Oral Tablet","Drug","RxNorm Extension","Clinical Drug Form"
42620523,"levothyroxine","levothyroxine","levothyroxine Injectable Solution","Drug","RxNorm Extension","Clinical Drug Form"
44094517,"levothyroxine","levothyroxine","levothyroxine Injectable Suspension","Drug","RxNorm Extension","Clinical Drug Form"
42481290,"levothyroxine","levothyroxine","levothyroxine Oral Suspension","Drug","RxNorm Extension","Clinical Drug Form"
36880865,"levothyroxine","levothyroxine","levothyroxine Prefilled Syringe","Drug","RxNorm Extension","Clinical Drug Form"
21602767,"methimazole","thiamazole, combinations; systemic","thiamazole, combinations; systemic","Drug","ATC","ATC 5th"
21602766,"methimazole","thiamazole; oral","thiamazole; oral","Drug","ATC","ATC 5th"
1504620,"methimazole","methimazole","methimazole","Drug","RxNorm","Ingredient"
19102066,"methimazole","methimazole","methimazole 0.5 MG","Drug","RxNorm","Clinical Drug Comp"
19101806,"methimazole","methimazole","methimazole 0.5 MG Oral Tablet","Drug","RxNorm","Clinical Drug"
1504675,"methimazole","methimazole","methimazole 10 MG","Drug","RxNorm","Clinical Drug Comp"
1504621,"methimazole","methimazole","methimazole 10 MG Oral Tablet","Drug","RxNorm","Clinical Drug"
19123251,"methimazole","methimazole","methimazole 15 MG","Drug","RxNorm","Clinical Drug Comp"
19123252,"methimazole","methimazole","methimazole 15 MG Oral Tablet","Drug","RxNorm","Clinical Drug"
40164977,"methimazole","methimazole","methimazole 2.5 MG","Drug","RxNorm","Clinical Drug Comp"
40164978,"methimazole","methimazole","methimazole 2.5 MG Oral Tablet","Drug","RxNorm","Clinical Drug"
1504678,"methimazole","methimazole","methimazole 20 MG","Drug","RxNorm","Clinical Drug Comp"
1504677,"methimazole","methimazole","methimazole 20 MG Oral Tablet","Drug","RxNorm","Clinical Drug"
19110820,"methimazole","methimazole","methimazole 40 MG/ML","Drug","RxNorm","Clinical Drug Comp"
19104113,"methimazole","methimazole","methimazole 40 MG/ML Injectable Solution","Drug","RxNorm","Clinical Drug"
19081677,"methimazole","methimazole","methimazole 5 MG","Drug","RxNorm","Clinical Drug Comp"
1504672,"methimazole","methimazole","methimazole 5 MG Oral Tablet","Drug","RxNorm","Clinical Drug"
19110821,"methimazole","methimazole","methimazole 500 MG","Drug","RxNorm","Clinical Drug Comp"
19106671,"methimazole","methimazole","methimazole 500 MG Oral Tablet","Drug","RxNorm","Clinical Drug"
19110822,"methimazole","methimazole","methimazole 500 MG/ML","Drug","RxNorm","Clinical Drug Comp"
19104112,"methimazole","methimazole","methimazole 500 MG/ML Injectable Solution","Drug","RxNorm","Clinical Drug"
40064564,"methimazole","methimazole","methimazole Injectable Solution","Drug","RxNorm","Clinical Drug Form"
40064565,"methimazole","methimazole","methimazole Oral Tablet","Drug","RxNorm","Clinical Drug Form"
43733982,"methimazole","methimazole","1 ML Methimazole 40 MG/ML Injectable Solution","Drug","RxNorm Extension","Quant Clinical Drug"
43167411,"methimazole","methimazole","Methimazole 10 MG Delayed Release Oral Tablet","Drug","RxNorm Extension","Clinical Drug"
35149188,"methimazole","methimazole","Methimazole 10 MG Injectable Solution","Drug","RxNorm Extension","Clinical Drug"
43178466,"methimazole","methimazole","Methimazole 20 MG Delayed Release Oral Tablet","Drug","RxNorm Extension","Clinical Drug"
43134355,"methimazole","methimazole","Methimazole 5 MG Delayed Release Oral Tablet","Drug","RxNorm Extension","Clinical Drug"
43134354,"methimazole","methimazole","Methimazole Delayed Release Oral Tablet","Drug","RxNorm Extension","Clinical Drug Form"
