"","Id","Code","Name","Class","Standard Concept Caption","RC","DRC","Domain","Vocabulary","Ancestors"
"","46270918","708915006","Endoscopic total thyroidectomy","Procedure","Standard","0","0","Procedure","SNOMED","1"
"","44508172","B08.8","Other specified excision of thyroid gland","Procedure","Standard","0","0","Procedure","OPCS4","1"
"","44508169","B08.4","Lobectomy of thyroid gland NEC","Procedure","Standard","0","0","Procedure","OPCS4","1"
"","43016926","0GTJ4ZZ","Resection of Thyroid Gland Isthmus, Percutaneous Endoscopic Approach","ICD10PCS","Standard","0","0","Procedure","ICD10PCS","1"
"","43016925","0GTJ0ZZ","Resection of Thyroid Gland Isthmus, Open Approach","ICD10PCS","Standard","0","0","Procedure","ICD10PCS","1"
"","43016899","0GBJ4ZZ","Excision of Thyroid Gland Isthmus, Percutaneous Endoscopic Approach","ICD10PCS","Standard","0","0","Procedure","ICD10PCS","1"
"","43016898","0GBJ4ZX","Excision of Thyroid Gland Isthmus, Percutaneous Endoscopic Approach, Diagnostic","ICD10PCS","Standard","0","0","Procedure","ICD10PCS","1"
"","43016897","0GBJ3ZZ","Excision of Thyroid Gland Isthmus, Percutaneous Approach","ICD10PCS","Standard","0","0","Procedure","ICD10PCS","1"
"","43016896","0GBJ3ZX","Excision of Thyroid Gland Isthmus, Percutaneous Approach, Diagnostic","ICD10PCS","Standard","0","0","Procedure","ICD10PCS","1"
"","43016895","0GBJ0ZZ","Excision of Thyroid Gland Isthmus, Open Approach","ICD10PCS","Standard","0","0","Procedure","ICD10PCS","1"
"","43016894","0GBJ0ZX","Excision of Thyroid Gland Isthmus, Open Approach, Diagnostic","ICD10PCS","Standard","0","0","Procedure","ICD10PCS","1"
"","42538237","744855001","Excision of right lobe of thyroid gland","Procedure","Standard","0","0","Procedure","SNOMED","1"
"","42538236","744854002","Excision of left lobe of thyroid gland","Procedure","Standard","0","0","Procedure","SNOMED","1"
"","42536913","735942009","Endoscopic excision of left lobe of thyroid gland","Procedure","Standard","0","0","Procedure","SNOMED","1"
"","42536912","735941002","Endoscopic excision of right lobe of thyroid gland","Procedure","Standard","0","0","Procedure","SNOMED","1"
"","37016842","712978001","Revision thyroidectomy","Procedure","Standard","0","0","Procedure","SNOMED","1"
"","36714495","719753008","Completion thyroidectomy","Procedure","Standard","0","0","Procedure","SNOMED","1"
"","4325119","71579005","Excision of cyst of thyroid","Procedure","Standard","0","9","Procedure","SNOMED","1"
"","4242716","37945000","Substernal thyroidectomy by cervical approach","Procedure","Standard","0","7","Procedure","SNOMED","1"
"","4238120","91276009","Thyroid isthmectomy","Procedure","Standard","0","137","Procedure","SNOMED","1"
"","4235006","359884005","Radical laryngopharyngectomy with synchronous thyroidectomy","Procedure","Standard","0","0","Procedure","SNOMED","1"
"","4217357","71925008","Lingual thyroidectomy by submental route","Procedure","Standard","0","0","Procedure","SNOMED","1"
"","4201613","53533006","Partial lobectomy of thyroid","Procedure","Standard","0","79","Procedure","SNOMED","1"
"","4200221","52826006","Substernal thyroidectomy","Procedure","Standard","0","10","Procedure","SNOMED","1"
"","4200095","52814001","Excision of lingual thyroid","Procedure","Standard","0","0","Procedure","SNOMED","1"
"","4195723","79443002","Substernal thyroidectomy by sternal split approach","Procedure","Standard","0","0","Procedure","SNOMED","1"
"","4175285","50339005","Complete laryngectomy with radical neck dissection, synchronous thyroidectomy and synchronous tracheostomy","Procedure","Standard","0","0","Procedure","SNOMED","1"
"","4158898","274005006","Excision of aberrant thyroid tissue","Procedure","Standard","0","10","Procedure","SNOMED","1"
"","4149106","30956003","Subtotal thyroidectomy","Procedure","Standard","0","54","Procedure","SNOMED","1"
"","4146485","307542005","Excision of pyramidal lobe of thyroid","Procedure","Standard","0","0","Procedure","SNOMED","1"
"","4122303","287261007","Total substernal thyroidectomy","Procedure","Standard","0","0","Procedure","SNOMED","1"
"","4118958","302338000","Lobectomy of thyroid gland","Procedure","Standard","0","93","Procedure","SNOMED","1"
"","4104653","29105006","Excision of adenoma of thyroid","Procedure","Standard","0","9","Procedure","SNOMED","1"
"","4099026","27210007","Laryngopharyngoesophagectomy with radical neck dissection and synchronous thyroidectomy","Procedure","Standard","0","0","Procedure","SNOMED","1"
"","4082277","24711004","Partial substernal thyroidectomy","Procedure","Standard","0","0","Procedure","SNOMED","1"
"","4073199","24443003","Total thyroidectomy","Procedure","Standard","0","87","Procedure","SNOMED","1"
"","4071594","20621008","Substernal thyroidectomy by transthoracic approach","Procedure","Standard","0","3","Procedure","SNOMED","1"
"","4066442","171988007","Excision of lesion of thyroid","Procedure","Standard","0","9","Procedure","SNOMED","1"
"","4064131","171977001","Excision of sublingual thyroid tissue","Procedure","Standard","0","0","Procedure","SNOMED","1"
"","4030107","13619001","Thyroidectomy","Procedure","Standard","0","273","Procedure","SNOMED","0"
"","4030039","237486002","Total thyroidectomy with cervical lymph node dissection","Procedure","Standard","0","0","Procedure","SNOMED","1"
"","4013043","112890006","Lingual thyroidectomy by transoral route","Procedure","Standard","0","0","Procedure","SNOMED","1"
"","3168942","28030001000004108","Left lobe thyroidectomy","Procedure","Standard","0","0","Procedure","Nebraska Lexicon","1"
"","2752300","0GBH4ZZ","Excision of Right Thyroid Gland Lobe, Percutaneous Endoscopic Approach","ICD10PCS","Standard","0","0","Procedure","ICD10PCS","1"
"","2752299","0GBH4ZX","Excision of Right Thyroid Gland Lobe, Percutaneous Endoscopic Approach, Diagnostic","ICD10PCS","Standard","0","0","Procedure","ICD10PCS","1"
"","2752298","0GBH3ZZ","Excision of Right Thyroid Gland Lobe, Percutaneous Approach","ICD10PCS","Standard","0","0","Procedure","ICD10PCS","1"
"","2752297","0GBH3ZX","Excision of Right Thyroid Gland Lobe, Percutaneous Approach, Diagnostic","ICD10PCS","Standard","0","0","Procedure","ICD10PCS","1"
"","2752296","0GBH0ZZ","Excision of Right Thyroid Gland Lobe, Open Approach","ICD10PCS","Standard","0","0","Procedure","ICD10PCS","1"
"","2752295","0GBH0ZX","Excision of Right Thyroid Gland Lobe, Open Approach, Diagnostic","ICD10PCS","Standard","0","0","Procedure","ICD10PCS","1"
"","2752294","0GBG4ZZ","Excision of Left Thyroid Gland Lobe, Percutaneous Endoscopic Approach","ICD10PCS","Standard","0","0","Procedure","ICD10PCS","1"
"","2752293","0GBG4ZX","Excision of Left Thyroid Gland Lobe, Percutaneous Endoscopic Approach, Diagnostic","ICD10PCS","Standard","0","0","Procedure","ICD10PCS","1"
"","2752292","0GBG3ZZ","Excision of Left Thyroid Gland Lobe, Percutaneous Approach","ICD10PCS","Standard","0","0","Procedure","ICD10PCS","1"
"","2752291","0GBG3ZX","Excision of Left Thyroid Gland Lobe, Percutaneous Approach, Diagnostic","ICD10PCS","Standard","0","0","Procedure","ICD10PCS","1"
"","2752290","0GBG0ZZ","Excision of Left Thyroid Gland Lobe, Open Approach","ICD10PCS","Standard","0","0","Procedure","ICD10PCS","1"
"","2752289","0GBG0ZX","Excision of Left Thyroid Gland Lobe, Open Approach, Diagnostic","ICD10PCS","Standard","0","0","Procedure","ICD10PCS","1"
"","2749800","0GTK4ZZ","Resection of Thyroid Gland, Percutaneous Endoscopic Approach","ICD10PCS","Standard","0","0","Procedure","ICD10PCS","1"
"","2749799","0GTK0ZZ","Resection of Thyroid Gland, Open Approach","ICD10PCS","Standard","0","0","Procedure","ICD10PCS","1"
"","2749798","0GTH4ZZ","Resection of Right Thyroid Gland Lobe, Percutaneous Endoscopic Approach","ICD10PCS","Standard","0","0","Procedure","ICD10PCS","1"
"","2749797","0GTH0ZZ","Resection of Right Thyroid Gland Lobe, Open Approach","ICD10PCS","Standard","0","0","Procedure","ICD10PCS","1"
"","2749796","0GTG4ZZ","Resection of Left Thyroid Gland Lobe, Percutaneous Endoscopic Approach","ICD10PCS","Standard","0","0","Procedure","ICD10PCS","1"
"","2749795","0GTG0ZZ","Resection of Left Thyroid Gland Lobe, Open Approach","ICD10PCS","Standard","0","0","Procedure","ICD10PCS","1"
"","2728351","03BV4ZZ","Excision of Left Thyroid Artery, Percutaneous Endoscopic Approach","ICD10PCS","Standard","0","0","Procedure","ICD10PCS","1"
"","2728350","03BV4ZX","Excision of Left Thyroid Artery, Percutaneous Endoscopic Approach, Diagnostic","ICD10PCS","Standard","0","0","Procedure","ICD10PCS","1"
"","2728349","03BV3ZZ","Excision of Left Thyroid Artery, Percutaneous Approach","ICD10PCS","Standard","0","0","Procedure","ICD10PCS","1"
"","2728348","03BV3ZX","Excision of Left Thyroid Artery, Percutaneous Approach, Diagnostic","ICD10PCS","Standard","0","0","Procedure","ICD10PCS","1"
"","2728347","03BV0ZZ","Excision of Left Thyroid Artery, Open Approach","ICD10PCS","Standard","0","0","Procedure","ICD10PCS","1"
"","2728346","03BV0ZX","Excision of Left Thyroid Artery, Open Approach, Diagnostic","ICD10PCS","Standard","0","0","Procedure","ICD10PCS","1"
"","2728345","03BU4ZZ","Excision of Right Thyroid Artery, Percutaneous Endoscopic Approach","ICD10PCS","Standard","0","0","Procedure","ICD10PCS","1"
"","2728344","03BU4ZX","Excision of Right Thyroid Artery, Percutaneous Endoscopic Approach, Diagnostic","ICD10PCS","Standard","0","0","Procedure","ICD10PCS","1"
"","2728343","03BU3ZZ","Excision of Right Thyroid Artery, Percutaneous Approach","ICD10PCS","Standard","0","0","Procedure","ICD10PCS","1"
"","2728342","03BU3ZX","Excision of Right Thyroid Artery, Percutaneous Approach, Diagnostic","ICD10PCS","Standard","0","0","Procedure","ICD10PCS","1"
"","2728341","03BU0ZZ","Excision of Right Thyroid Artery, Open Approach","ICD10PCS","Standard","0","0","Procedure","ICD10PCS","1"
"","2728340","03BU0ZX","Excision of Right Thyroid Artery, Open Approach, Diagnostic","ICD10PCS","Standard","0","0","Procedure","ICD10PCS","1"
"","2110376","60271","Thyroidectomy, including substernal thyroid; cervical approach","CPT4","Standard","7","7","Procedure","CPT4","1"
"","2110375","60270","Thyroidectomy, including substernal thyroid; sternal split or transthoracic approach","CPT4","Standard","3","3","Procedure","CPT4","1"
"","2110373","60254","Thyroidectomy, total or subtotal for malignancy; with radical neck dissection","CPT4","Standard","2","2","Procedure","CPT4","1"
"","2110372","60252","Thyroidectomy, total or subtotal for malignancy; with limited neck dissection","CPT4","Standard","15","15","Procedure","CPT4","1"
"","2110371","60240","Thyroidectomy, total or complete","CPT4","Standard","87","87","Procedure","CPT4","1"
"","2110370","60225","Total thyroid lobectomy, unilateral; with contralateral subtotal lobectomy, including isthmusectomy","CPT4","Standard","8","8","Procedure","CPT4","1"
"","2110369","60220","Total thyroid lobectomy, unilateral; with or without isthmusectomy","CPT4","Standard","83","83","Procedure","CPT4","1"
"","2110368","60212","Partial thyroid lobectomy, unilateral; with contralateral subtotal lobectomy, including isthmusectomy","CPT4","Standard","1","1","Procedure","CPT4","1"
"","2110367","60210","Partial thyroid lobectomy, unilateral; with or without isthmusectomy","CPT4","Standard","25","25","Procedure","CPT4","1"
"","2110365","60200","Excision of cyst or adenoma of thyroid, or transection of isthmus","CPT4","Standard","9","9","Procedure","CPT4","1"
"","2000272","06.39","Other partial thyroidectomy","4-dig billing code","Standard","19","19","Procedure","ICD9Proc","1"
"","2000270","06.3","Other partial thyroidectomy","3-dig nonbill code","Standard","0","28","Procedure","ICD9Proc","1"
"","2000269","06.2","Unilateral thyroid lobectomy","3-dig billing code","Standard","14","14","Procedure","ICD9Proc","1"