Id,Code,Name,Class,Standard.Concept.Caption,RC,DRC,Domain,Vocabulary,added
3035921,27975-2,Thyrotropin [Mass/volume] in Serum or Plasma,Lab Test,Non-Standard,0,0,Measurement,LOINC,0
3034732,1642-8,Thyrotropin [Mass/volume] in Serum or Plasma --baseline,Lab Test,Non-Standard,0,0,Measurement,LOINC,0
3013943,14297-6,Thyrotropin [Moles/volume] in Serum or Plasma,Lab Test,Non-Standard,0,0,Measurement,LOINC,0
3011450,20452-9,Thyrotropin [Presence] in Blood,Lab Test,Standard,0,0,Measurement,LOINC,0
3023399,407367,Thyrotropin [Units/volume] in Blood,Lab Test,Standard,0,0,Measurement,LOINC,0
3009201,407672,Thyrotropin [Units/volume] in Serum or Plasma,Lab Test,Standard,0,0,Measurement,LOINC,0
3027700,14999-7,Thyrotropin [Units/volume] in Serum or Plasma --baseline,Lab Test,Standard,0,0,Measurement,LOINC,0
3019170,11580-8,Thyrotropin [Units/volume] in Serum or Plasma by Detection limit <= 0.005 mIU/L,Lab Test,Standard,0,0,Measurement,LOINC,0
3019762,11579-0,Thyrotropin [Units/volume] in Serum or Plasma by Detection limit <= 0.05 mIU/L,Lab Test,Standard,0,0,Measurement,LOINC,0
